 	#CHROM	POS	DBSNP_ID	REF	ALT	QUAL	SOMATIC_GERMLINE_CLASSIFICATION	CONFIDENCE 	 TCGA-AG-A00H-01A-01W-A00E-09	 hg19
0	17	32483463	novel	C	T	 100.0	 somatic	 high confidence
1	8	39645654	novel	C	T	 100.0	 somatic	 high confidence
2	11	67789269	novel	G	A	 100.0	 somatic	 high confidence
3	17	18110226	novel	G	A	 100.0	 somatic	 high confidence
4	1	27088759	novel	C	T	 100.0	 somatic	 high confidence
5	3	35833951	novel	G	A	 100.0	 somatic	 high confidence
6	1	176838004	novel	C	T	 100.0	 somatic	 high confidence
7	11	47176746	novel	G	A	 100.0	 somatic	 high confidence
8	20	31670792	novel	G	A	 100.0	 somatic	 high confidence
9	9	135413023	novel	G	A	 100.0	 somatic	 high confidence
10	3	42906323	novel	G	T	 100.0	 somatic	 high confidence
11	17	20799111	novel	C	A	 100.0	 somatic	 high confidence
12	16	55844459	novel	G	A	 100.0	 somatic	 high confidence
13	9	17457636	novel	C	A	 100.0	 somatic	 high confidence
14	6	75851849	novel	G	C	 100.0	 somatic	 high confidence
15	8	139626111	novel	G	A	 100.0	 somatic	 high confidence
16	5	156751064	novel	C	T	 100.0	 somatic	 high confidence
17	7	99315163	novel	C	T	 100.0	 somatic	 high confidence
18	13	78477673	novel	C	T	 100.0	 somatic	 high confidence
19	6	133789714	novel	C	A	 100.0	 somatic	 high confidence
20	X	34962201	novel	G	A	 100.0	 somatic	 high confidence
21	19	40433293	novel	C	A	 100.0	 somatic	 high confidence
22	6	90605410	novel	A	T	 100.0	 somatic	 high confidence
23	1	145533128	novel	G	A	 100.0	 somatic	 high confidence
24	20	47990218	novel	G	A	 100.0	 somatic	 high confidence
25	8	73480241	novel	G	A	 100.0	 somatic	 high confidence
26	12	25378562	novel	C	T	 100.0	 somatic	 high confidence
27	16	48295390	novel	A	G	 100.0	 somatic	 high confidence
28	5	138208732	novel	A	C	 100.0	 somatic	 high confidence
29	7	20199081	novel	G	C	 100.0	 somatic	 high confidence
30	11	102401356	novel	C	T	 100.0	 somatic	 high confidence
31	11	60285636	novel	C	T	 100.0	 somatic	 high confidence
32	19	9067143	novel	G	A	 100.0	 somatic	 high confidence
33	14	57876139	novel	C	G	 100.0	 somatic	 high confidence
34	13	35770298	novel	A	T	 100.0	 somatic	 high confidence
35	X	5811130	novel	C	A	 100.0	 somatic	 high confidence
36	19	55450436	novel	G	A	 100.0	 somatic	 high confidence
37	1	102296359	novel	C	A	 100.0	 somatic	 high confidence
38	3	178921553	novel	T	A	 100.0	 somatic	 high confidence
39	17	66518949	novel	C	G	 100.0	 somatic	 high confidence
40	17	72736994	novel	G	T	 100.0	 somatic	 high confidence
41	3	196214300	novel	C	A	 100.0	 somatic	 high confidence
42	13	23914840	novel	C	G	 100.0	 somatic	 high confidence
43	3	11070971	novel	G	A	 100.0	 somatic	 high confidence
44	16	75690361	novel	C	T	 100.0	 somatic	 high confidence
45	15	43531101	novel	G	T	 100.0	 somatic	 high confidence
46	12	66541706	novel	G	C	 100.0	 somatic	 high confidence
47	1	115005840	novel	C	G	 100.0	 somatic	 high confidence
48	2	32958948	novel	G	T	 100.0	 somatic	 high confidence
49	19	44051065	novel	C	T	 100.0	 somatic	 high confidence
50	8	77766101	novel	A	G	 100.0	 somatic	 high confidence
51	10	126655346	novel	C	G	 100.0	 somatic	 high confidence
