 	#CHROM	POS	DBSNP_ID	REF	ALT	QUAL	SOMATIC_GERMLINE_CLASSIFICATION	CONFIDENCE 	 TCGA-AG-A014-01A-02W-A00K-09	 hg19
0	2	211069375	novel	C	T	 100.0	 somatic	 high confidence
1	14	23564317	novel	G	A	 100.0	 somatic	 high confidence
2	5	33648973	novel	C	A	 100.0	 somatic	 high confidence
3	11	67051781	novel	G	C	 100.0	 somatic	 high confidence
4	7	129066319	novel	G	A	 100.0	 somatic	 high confidence
5	5	112174916	novel	G	T	 100.0	 somatic	 high confidence
6	18	43671703	novel	T	C	 100.0	 somatic	 high confidence
7	15	24921147	novel	C	T	 100.0	 somatic	 high confidence
8	15	36950064	novel	C	G	 100.0	 somatic	 high confidence
9	17	32905944	novel	A	G	 100.0	 somatic	 high confidence
10	1	170961432	novel	C	T	 100.0	 somatic	 high confidence
11	22	20030945	novel	A	G	 100.0	 somatic	 high confidence
12	4	184615782	novel	G	A	 100.0	 somatic	 high confidence
13	1	181741329	novel	G	A	 100.0	 somatic	 high confidence
14	5	129520136	novel	T	A	 100.0	 somatic	 high confidence
15	2	26818086	novel	C	T	 100.0	 somatic	 high confidence
16	7	99719968	novel	G	T	 100.0	 somatic	 high confidence
17	1	40766888	novel	C	G	 100.0	 somatic	 high confidence
18	10	391004	novel	A	G	 100.0	 somatic	 high confidence
19	1	223176891	novel	C	T	 100.0	 somatic	 high confidence
20	9	1053815	novel	A	G	 100.0	 somatic	 high confidence
21	6	56327936	novel	G	A	 100.0	 somatic	 high confidence
22	8	25718591	novel	G	C	 100.0	 somatic	 high confidence
23	13	47345618	novel	C	T	 100.0	 somatic	 high confidence
24	11	63979205	novel	G	T	 100.0	 somatic	 high confidence
25	11	125351506	novel	T	C	 100.0	 somatic	 high confidence
26	5	169533176	novel	C	T	 100.0	 somatic	 high confidence
27	15	57896494	novel	G	A	 100.0	 somatic	 high confidence
28	10	117884988	novel	A	T	 100.0	 somatic	 high confidence
29	12	104413414	novel	G	A	 100.0	 somatic	 high confidence
30	6	47649059	novel	T	C	 100.0	 somatic	 high confidence
31	19	17170455	novel	C	A	 100.0	 somatic	 high confidence
32	1	236734962	novel	C	A	 100.0	 somatic	 high confidence
33	11	124794954	novel	C	T	 100.0	 somatic	 high confidence
34	8	80678909	novel	A	G	 100.0	 somatic	 high confidence
35	6	87725488	novel	G	A	 100.0	 somatic	 high confidence
36	3	52840399	novel	G	A	 100.0	 somatic	 high confidence
37	5	147023718	novel	G	T	 100.0	 somatic	 high confidence
38	6	15504789	novel	G	C	 100.0	 somatic	 high confidence
39	17	7829030	novel	C	T	 100.0	 somatic	 high confidence
40	5	170160888	rs34559363	G	T	 100.0	 somatic	 high confidence
41	12	25398285	novel	C	T	 100.0	 somatic	 high confidence
42	2	170063145	novel	C	T	 100.0	 somatic	 high confidence
43	8	143867013	novel	G	A	 100.0	 somatic	 high confidence
44	15	23889919	novel	C	T	 100.0	 somatic	 high confidence
45	1	161179294	novel	G	A	 100.0	 somatic	 high confidence
46	4	47892713	novel	G	T	 100.0	 somatic	 high confidence
47	9	136083879	rs28584111	C	G	 100.0	 somatic	 high confidence
48	11	5475386	novel	G	A	 100.0	 somatic	 high confidence
49	6	83878990	novel	G	T	 100.0	 somatic	 high confidence
50	6	33383799	novel	G	A	 100.0	 somatic	 high confidence
51	15	42379579	novel	C	G	 100.0	 somatic	 high confidence
52	2	198949476	novel	C	T	 100.0	 somatic	 high confidence
53	19	46973959	novel	C	A	 100.0	 somatic	 high confidence
54	7	95041017	novel	C	T	 100.0	 somatic	 high confidence
55	15	55974598	novel	G	A	 100.0	 somatic	 high confidence
56	17	61908218	novel	G	A	 100.0	 somatic	 high confidence
57	16	7760731	novel	G	A	 100.0	 somatic	 high confidence
58	2	85578926	novel	C	G	 100.0	 somatic	 high confidence
59	16	12136895	novel	G	T	 100.0	 somatic	 high confidence
60	13	32351551	novel	G	A	 100.0	 somatic	 high confidence
61	11	118037796	novel	G	A	 100.0	 somatic	 high confidence
62	14	94848949	novel	A	G	 100.0	 somatic	 high confidence
63	18	43247924	novel	C	T	 100.0	 somatic	 high confidence
64	20	45358112	novel	A	G	 100.0	 somatic	 high confidence
65	12	335654	novel	T	C	 100.0	 somatic	 high confidence
66	17	33585725	novel	G	T	 100.0	 somatic	 high confidence
67	13	84454465	novel	G	A	 100.0	 somatic	 high confidence
68	13	88327927	novel	G	A	 100.0	 somatic	 high confidence
69	9	32543404	novel	A	C	 100.0	 somatic	 high confidence
70	17	7577118	novel	C	G	 100.0	 somatic	 high confidence
71	14	92471877	novel	T	C	 100.0	 somatic	 high confidence
72	19	31769600	novel	C	T	 100.0	 somatic	 high confidence
73	X	100169628	novel	C	T	 100.0	 somatic	 high confidence
74	2	145155885	novel	G	A	 100.0	 somatic	 high confidence
75	6	87970724	novel	T	G	 100.0	 somatic	 high confidence
76	21	43411789	novel	T	G	 100.0	 somatic	 high confidence
