 	#CHROM	POS	DBSNP_ID	REF	ALT	QUAL	SOMATIC_GERMLINE_CLASSIFICATION	CONFIDENCE 	 TCGA-AG-A00C-01A-01W-A005-10	 hg19
0	17	67215769	novel	G	G	 100.0	 somatic	 high confidence
1	5	112175480	novel	G	G	 100.0	 somatic	 high confidence
2	5	112174916	novel	G	G	 100.0	 somatic	 high confidence
3	2	69053220	novel	G	G	 100.0	 somatic	 high confidence
4	13	32929036	novel	T	T	 100.0	 somatic	 high confidence
5	4	113539677	novel	T	T	 100.0	 somatic	 high confidence
6	1	26527378	novel	G	G	 100.0	 somatic	 high confidence
7	7	26246116	novel	G	G	 100.0	 somatic	 high confidence
8	21	19629035	novel	G	G	 100.0	 somatic	 high confidence
9	4	170628172	novel	G	G	 100.0	 somatic	 high confidence
10	X	10176319	novel	C	C	 100.0	 somatic	 high confidence
11	11	72004494	novel	C	C	 100.0	 somatic	 high confidence
12	12	45410113	novel	C	C	 100.0	 somatic	 high confidence
13	11	118971067	novel	G	G	 100.0	 somatic	 high confidence
14	X	37028881	novel	C	C	 100.0	 somatic	 high confidence
15	18	34298151	novel	G	G	 100.0	 somatic	 high confidence
16	4	46053442	novel	G	G	 100.0	 somatic	 high confidence
17	10	25861747	novel	G	G	 100.0	 somatic	 high confidence
18	3	129221592	novel	G	G	 100.0	 somatic	 high confidence
19	X	114249076	novel	G	G	 100.0	 somatic	 high confidence
20	17	51900564	novel	C	C	 100.0	 somatic	 high confidence
21	12	25398284	novel	C	C	 100.0	 somatic	 high confidence
22	1	82408914	novel	T	T	 100.0	 somatic	 high confidence
23	7	110763829	novel	C	C	 100.0	 somatic	 high confidence
24	X	131520695	novel	G	G	 100.0	 somatic	 high confidence
25	15	81271755	novel	G	G	 100.0	 somatic	 high confidence
26	17	41981824	novel	G	G	 100.0	 somatic	 high confidence
27	19	56473561	novel	C	C	 100.0	 somatic	 high confidence
28	X	30322817	novel	C	C	 100.0	 somatic	 high confidence
29	13	25671151	novel	G	G	 100.0	 somatic	 high confidence
30	5	176016083	novel	C	C	 100.0	 somatic	 high confidence
31	5	140261917	novel	G	G	 100.0	 somatic	 high confidence
32	13	29238656	novel	G	G	 100.0	 somatic	 high confidence
33	10	47087186	novel	G	G	 100.0	 somatic	 high confidence
34	10	6557001	novel	C	C	 100.0	 somatic	 high confidence
35	9	129796780	novel	G	G	 100.0	 somatic	 high confidence
36	1	110740094	novel	G	G	 100.0	 somatic	 high confidence
37	12	56577682	novel	T	T	 100.0	 somatic	 high confidence
38	2	191929644	novel	T	T	 100.0	 somatic	 high confidence
39	10	70432671	novel	G	G	 100.0	 somatic	 high confidence
40	18	3457387	novel	C	C	 100.0	 somatic	 high confidence
41	X	12937238	novel	G	G	 100.0	 somatic	 high confidence
42	5	82357695	novel	C	C	 100.0	 somatic	 high confidence
43	17	7578406	rs28934578	C	C	 100.0	 somatic	 high confidence
44	6	41118572	novel	C	C	 100.0	 somatic	 high confidence
45	19	54941756	novel	C	C	 100.0	 somatic	 high confidence
46	9	35400422	novel	C	C	 100.0	 somatic	 high confidence
47	21	17198645	novel	C	C	 100.0	 somatic	 high confidence
48	1	117695864	novel	G	G	 100.0	 somatic	 high confidence
49	22	42422878	novel	T	T	 100.0	 somatic	 high confidence
50	X	54275519	novel	G	G	 100.0	 somatic	 high confidence
51	19	38103365	novel	G	G	 100.0	 somatic	 high confidence
