 	#CHROM	POS	DBSNP_ID	REF	ALT	QUAL	SOMATIC_GERMLINE_CLASSIFICATION	CONFIDENCE 	 TCGA-AA-A02W-01A-01W-A00E-09	 hg19
0	7	150746492	novel	G	T	 100.0	 somatic	 high confidence
1	4	175897169	novel	G	A	 100.0	 somatic	 high confidence
2	4	175897884	novel	G	A	 100.0	 somatic	 high confidence
3	1	104166590	rs1832269	C	T	 100.0	 somatic	 high confidence
4	4	73951160	novel	A	T	 100.0	 somatic	 high confidence
5	5	112173917	novel	C	T	 100.0	 somatic	 high confidence
6	5	112175411	novel	G	T	 100.0	 somatic	 high confidence
7	1	76397913	novel	G	T	 100.0	 somatic	 high confidence
8	6	31595696	novel	G	A	 100.0	 somatic	 high confidence
9	12	112720923	novel	C	T	 100.0	 somatic	 high confidence
10	20	35443698	novel	C	T	 100.0	 somatic	 high confidence
11	6	127797321	novel	G	A	 100.0	 somatic	 high confidence
12	9	34610866	novel	C	T	 100.0	 somatic	 high confidence
13	19	7830731	novel	G	A	 100.0	 somatic	 high confidence
14	17	7837540	novel	C	T	 100.0	 somatic	 high confidence
15	8	139606310	novel	C	T	 100.0	 somatic	 high confidence
16	1	9932101	novel	C	T	 100.0	 somatic	 high confidence
17	8	145151348	novel	G	A	 100.0	 somatic	 high confidence
18	8	88885206	novel	C	T	 100.0	 somatic	 high confidence
19	3	58196588	novel	G	A	 100.0	 somatic	 high confidence
20	15	76578016	novel	C	T	 100.0	 somatic	 high confidence
21	X	70320753	novel	G	A	 100.0	 somatic	 high confidence
22	22	36900412	novel	G	A	 100.0	 somatic	 high confidence
23	6	46977477	novel	T	G	 100.0	 somatic	 high confidence
24	13	114325830	novel	G	A	 100.0	 somatic	 high confidence
25	3	7620629	novel	G	A	 100.0	 somatic	 high confidence
26	11	30033451	novel	A	G	 100.0	 somatic	 high confidence
27	17	26965334	novel	G	T	 100.0	 somatic	 high confidence
28	X	73961847	novel	C	T	 100.0	 somatic	 high confidence
29	1	21009326	novel	C	A	 100.0	 somatic	 high confidence
30	7	23145763	novel	C	T	 100.0	 somatic	 high confidence
31	12	25398285	novel	C	A	 100.0	 somatic	 high confidence
32	12	52967172	novel	G	T	 100.0	 somatic	 high confidence
33	X	153136382	novel	G	A	 100.0	 somatic	 high confidence
34	19	51885719	novel	G	T	 100.0	 somatic	 high confidence
35	2	141680593	novel	C	A	 100.0	 somatic	 high confidence
36	1	235826347	novel	A	G	 100.0	 somatic	 high confidence
37	19	47912433	novel	G	A	 100.0	 somatic	 high confidence
38	7	88423665	novel	C	T	 100.0	 somatic	 high confidence
39	22	38327926	novel	C	G	 100.0	 somatic	 high confidence
40	15	52664518	novel	G	A	 100.0	 somatic	 high confidence
41	12	96077487	novel	G	A	 100.0	 somatic	 high confidence
42	7	142749823	novel	G	A	 100.0	 somatic	 high confidence
43	1	17682488	novel	C	T	 100.0	 somatic	 high confidence
44	5	140595709	novel	C	A	 100.0	 somatic	 high confidence
45	5	140554104	novel	A	T	 100.0	 somatic	 high confidence
46	7	47971562	novel	C	T	 100.0	 somatic	 high confidence
47	X	205423	novel	T	G	 100.0	 somatic	 high confidence
48	7	72413677	novel	G	A	 100.0	 somatic	 high confidence
49	12	50028379	novel	G	T	 100.0	 somatic	 high confidence
50	2	86362013	novel	A	T	 100.0	 somatic	 high confidence
51	20	41419951	novel	C	T	 100.0	 somatic	 high confidence
52	1	204125040	novel	C	T	 100.0	 somatic	 high confidence
53	14	21052110	novel	G	T	 100.0	 somatic	 high confidence
54	20	35533825	novel	C	G	 100.0	 somatic	 high confidence
55	21	34923165	novel	C	T	 100.0	 somatic	 high confidence
56	11	4112859	novel	T	C	 100.0	 somatic	 high confidence
57	6	152642948	novel	G	T	 100.0	 somatic	 high confidence
58	9	32784389	novel	C	A	 100.0	 somatic	 high confidence
59	17	16842874	novel	C	A	 100.0	 somatic	 high confidence
60	17	7578263	novel	G	A	 100.0	 somatic	 high confidence
61	20	44003755	novel	G	T	 100.0	 somatic	 high confidence
62	7	138269647	novel	C	T	 100.0	 somatic	 high confidence
63	2	179596188	novel	C	A	 100.0	 somatic	 high confidence
64	2	179665380	novel	G	A	 100.0	 somatic	 high confidence
65	8	11994886	novel	T	C	 100.0	 somatic	 high confidence
66	8	87450899	novel	C	T	 100.0	 somatic	 high confidence
67	12	133587016	novel	G	A	 100.0	 somatic	 high confidence
68	20	44592431	novel	A	G	 100.0	 somatic	 high confidence
69	4	146770591	novel	G	A	 100.0	 somatic	 high confidence
70	19	23544042	novel	C	A	 100.0	 somatic	 high confidence
71	19	23557553	novel	A	T	 100.0	 somatic	 high confidence
