 	#CHROM	POS	DBSNP_ID	REF	ALT	QUAL	SOMATIC_GERMLINE_CLASSIFICATION	CONFIDENCE 	 TCGA-AA-A00J-01A-02W-A005-10	 hg19
0	9	107556784	novel	T	T	 100.0	 somatic	 high confidence
1	2	215818711	novel	A	A	 100.0	 somatic	 high confidence
2	2	215884399	novel	T	T	 100.0	 somatic	 high confidence
3	6	43412880	novel	T	T	 100.0	 somatic	 high confidence
4	3	183906140	novel	C	C	 100.0	 somatic	 high confidence
5	3	38167752	novel	T	T	 100.0	 somatic	 high confidence
6	11	44105020	novel	G	G	 100.0	 somatic	 high confidence
7	9	32449014	novel	G	G	 100.0	 somatic	 high confidence
8	1	55059712	novel	G	G	 100.0	 somatic	 high confidence
9	3	58510295	novel	G	G	 100.0	 somatic	 high confidence
10	11	47267093	novel	G	G	 100.0	 somatic	 high confidence
11	5	131326549	novel	A	A	 100.0	 somatic	 high confidence
12	20	25003590	novel	C	C	 100.0	 somatic	 high confidence
13	5	56777942	novel	C	C	 100.0	 somatic	 high confidence
14	12	52380684	novel	G	G	 100.0	 somatic	 high confidence
15	5	33577087	novel	T	T	 100.0	 somatic	 high confidence
16	5	128956428	novel	G	G	 100.0	 somatic	 high confidence
17	5	178554983	novel	G	G	 100.0	 somatic	 high confidence
18	4	73161446	novel	C	C	 100.0	 somatic	 high confidence
19	14	78285392	novel	A	A	 100.0	 somatic	 high confidence
20	5	7626425	novel	A	A	 100.0	 somatic	 high confidence
21	14	24798639	novel	C	C	 100.0	 somatic	 high confidence
22	7	44153334	novel	G	G	 100.0	 somatic	 high confidence
23	5	148679123	novel	A	A	 100.0	 somatic	 high confidence
24	2	100203686	novel	T	T	 100.0	 somatic	 high confidence
25	12	58125397	novel	C	C	 100.0	 somatic	 high confidence
26	2	27277590	novel	G	G	 100.0	 somatic	 high confidence
27	9	88207489	novel	A	A	 100.0	 somatic	 high confidence
28	X	129274571	novel	C	C	 100.0	 somatic	 high confidence
29	6	107008770	novel	G	G	 100.0	 somatic	 high confidence
30	14	33290915	novel	A	A	 100.0	 somatic	 high confidence
31	15	58357769	novel	G	G	 100.0	 somatic	 high confidence
32	12	112228277	novel	C	C	 100.0	 somatic	 high confidence
33	22	50297900	novel	C	C	 100.0	 somatic	 high confidence
34	1	110168351	novel	G	G	 100.0	 somatic	 high confidence
35	11	101778562	novel	A	A	 100.0	 somatic	 high confidence
36	10	61830950	novel	C	C	 100.0	 somatic	 high confidence
37	2	190603301	novel	T	T	 100.0	 somatic	 high confidence
38	4	73984548	novel	G	G	 100.0	 somatic	 high confidence
39	12	52283257	novel	C	C	 100.0	 somatic	 high confidence
40	2	197870544	novel	G	G	 100.0	 somatic	 high confidence
41	17	35930982	novel	C	C	 100.0	 somatic	 high confidence
42	15	51294759	novel	G	G	 100.0	 somatic	 high confidence
43	5	112164586	novel	C	C	 100.0	 somatic	 high confidence
44	15	63578822	novel	C	C	 100.0	 somatic	 high confidence
45	2	21229850	novel	A	A	 100.0	 somatic	 high confidence
46	11	72409061	novel	G	G	 100.0	 somatic	 high confidence
47	4	36230939	novel	C	C	 100.0	 somatic	 high confidence
48	20	47587727	novel	G	G	 100.0	 somatic	 high confidence
49	10	32101676	novel	C	C	 100.0	 somatic	 high confidence
50	10	32132468	novel	C	C	 100.0	 somatic	 high confidence
51	6	129921941	novel	A	A	 100.0	 somatic	 high confidence
52	10	24908491	novel	C	C	 100.0	 somatic	 high confidence
53	18	6887212	novel	C	C	 100.0	 somatic	 high confidence
54	11	73072143	novel	A	A	 100.0	 somatic	 high confidence
55	7	144077106	novel	G	G	 100.0	 somatic	 high confidence
56	6	157528595	novel	G	G	 100.0	 somatic	 high confidence
57	10	28229731	novel	C	C	 100.0	 somatic	 high confidence
58	15	80762764	novel	A	A	 100.0	 somatic	 high confidence
59	1	155491065	novel	C	C	 100.0	 somatic	 high confidence
60	1	197060038	novel	C	C	 100.0	 somatic	 high confidence
61	1	197072442	novel	T	T	 100.0	 somatic	 high confidence
62	1	161789448	novel	G	G	 100.0	 somatic	 high confidence
63	15	25966818	novel	G	G	 100.0	 somatic	 high confidence
64	13	113496637	novel	C	C	 100.0	 somatic	 high confidence
65	1	169080652	novel	G	G	 100.0	 somatic	 high confidence
66	19	36054148	novel	G	G	 100.0	 somatic	 high confidence
67	12	57037309	novel	C	C	 100.0	 somatic	 high confidence
68	17	40612949	novel	G	G	 100.0	 somatic	 high confidence
69	20	54948501	novel	C	C	 100.0	 somatic	 high confidence
70	12	58197430	novel	G	G	 100.0	 somatic	 high confidence
71	8	103851945	novel	C	C	 100.0	 somatic	 high confidence
72	12	58021960	novel	G	G	 100.0	 somatic	 high confidence
73	18	29210958	novel	C	C	 100.0	 somatic	 high confidence
74	11	129321181	novel	G	G	 100.0	 somatic	 high confidence
75	19	45262750	novel	C	C	 100.0	 somatic	 high confidence
76	X	18234668	novel	G	T	 100.0	 somatic	 high confidence
77	15	91308559	novel	C	C	 100.0	 somatic	 high confidence
78	8	22035451	novel	G	G	 100.0	 somatic	 high confidence
79	10	88683357	novel	C	C	 100.0	 somatic	 high confidence
80	15	83932373	novel	T	T	 100.0	 somatic	 high confidence
81	9	16435607	novel	A	A	 100.0	 somatic	 high confidence
82	9	16436678	novel	T	T	 100.0	 somatic	 high confidence
83	3	112969578	novel	G	G	 100.0	 somatic	 high confidence
84	7	140453136	novel	A	A	 100.0	 somatic	 high confidence
85	19	55817695	novel	G	G	 100.0	 somatic	 high confidence
86	3	112188625	novel	C	C	 100.0	 somatic	 high confidence
87	10	124457760	novel	T	T	 100.0	 somatic	 high confidence
88	10	127414307	novel	C	C	 100.0	 somatic	 high confidence
89	10	120095726	novel	A	A	 100.0	 somatic	 high confidence
90	13	39587764	novel	G	G	 100.0	 somatic	 high confidence
91	14	90782986	novel	C	C	 100.0	 somatic	 high confidence
92	16	4790154	novel	C	C	 100.0	 somatic	 high confidence
93	18	13681626	novel	T	T	 100.0	 somatic	 high confidence
94	19	33464154	novel	C	C	 100.0	 somatic	 high confidence
95	1	179414159	novel	G	G	 100.0	 somatic	 high confidence
96	1	155223924	novel	A	A	 100.0	 somatic	 high confidence
97	1	111890359	novel	G	G	 100.0	 somatic	 high confidence
98	1	22974029	novel	G	G	 100.0	 somatic	 high confidence
99	3	119222394	novel	G	G	 100.0	 somatic	 high confidence
100	3	58899541	novel	T	T	 100.0	 somatic	 high confidence
101	4	71201636	novel	G	G	 100.0	 somatic	 high confidence
102	9	114503836	novel	G	G	 100.0	 somatic	 high confidence
103	22	24460606	novel	C	C	 100.0	 somatic	 high confidence
104	1	201081353	novel	G	G	 100.0	 somatic	 high confidence
105	17	46925707	novel	G	G	 100.0	 somatic	 high confidence
106	15	42701549	novel	C	C	 100.0	 somatic	 high confidence
107	1	230914798	novel	G	G	 100.0	 somatic	 high confidence
108	10	115485249	novel	G	G	 100.0	 somatic	 high confidence
109	2	202150030	novel	C	C	 100.0	 somatic	 high confidence
110	20	55012629	novel	G	G	 100.0	 somatic	 high confidence
111	10	70506974	novel	A	A	 100.0	 somatic	 high confidence
112	10	74631304	novel	T	T	 100.0	 somatic	 high confidence
113	16	58287929	novel	C	C	 100.0	 somatic	 high confidence
114	1	26598552	novel	C	C	 100.0	 somatic	 high confidence
115	X	50094337	novel	G	G	 100.0	 somatic	 high confidence
116	19	30314680	novel	C	C	 100.0	 somatic	 high confidence
117	3	46245308	novel	A	A	 100.0	 somatic	 high confidence
118	1	158227298	novel	G	G	 100.0	 somatic	 high confidence
119	19	35836616	novel	C	C	 100.0	 somatic	 high confidence
120	3	48200941	novel	G	G	 100.0	 somatic	 high confidence
121	1	227330670	novel	A	A	 100.0	 somatic	 high confidence
122	14	103474867	novel	G	G	 100.0	 somatic	 high confidence
123	3	45152141	novel	T	T	 100.0	 somatic	 high confidence
124	16	68732181	novel	G	G	 100.0	 somatic	 high confidence
125	4	76551009	novel	A	A	 100.0	 somatic	 high confidence
126	1	214819293	novel	G	G	 100.0	 somatic	 high confidence
127	17	48545976	novel	C	C	 100.0	 somatic	 high confidence
128	17	7810671	novel	G	G	 100.0	 somatic	 high confidence
129	3	53856655	novel	C	C	 100.0	 somatic	 high confidence
130	3	403486	novel	G	G	 100.0	 somatic	 high confidence
131	2	220405690	novel	T	T	 100.0	 somatic	 high confidence
132	2	233398757	novel	G	G	 100.0	 somatic	 high confidence
133	12	106632900	novel	C	C	 100.0	 somatic	 high confidence
134	9	91930145	novel	A	A	 100.0	 somatic	 high confidence
135	21	31538298	novel	G	G	 100.0	 somatic	 high confidence
136	12	8290815	novel	G	G	 100.0	 somatic	 high confidence
137	12	122817687	novel	A	A	 100.0	 somatic	 high confidence
138	15	74919938	novel	C	C	 100.0	 somatic	 high confidence
139	12	41337959	novel	A	A	 100.0	 somatic	 high confidence
140	7	146536934	novel	C	C	 100.0	 somatic	 high confidence
141	17	48274560	novel	C	C	 100.0	 somatic	 high confidence
142	7	94050366	novel	G	G	 100.0	 somatic	 high confidence
143	14	92609453	novel	C	C	 100.0	 somatic	 high confidence
144	11	68540771	rs1046804	C	C	 100.0	 somatic	 high confidence
145	9	131860528	novel	C	C	 100.0	 somatic	 high confidence
146	4	5827283	novel	G	G	 100.0	 somatic	 high confidence
147	11	122738802	novel	G	G	 100.0	 somatic	 high confidence
148	12	10854630	novel	C	C	 100.0	 somatic	 high confidence
149	1	36932866	novel	T	T	 100.0	 somatic	 high confidence
150	8	113308206	novel	C	C	 100.0	 somatic	 high confidence
151	3	122060311	novel	T	T	 100.0	 somatic	 high confidence
152	1	85029489	novel	T	T	 100.0	 somatic	 high confidence
153	5	10988274	novel	T	T	 100.0	 somatic	 high confidence
154	X	83141590	novel	T	T	 100.0	 somatic	 high confidence
155	15	75043582	novel	C	C	 100.0	 somatic	 high confidence
156	2	72371123	novel	G	G	 100.0	 somatic	 high confidence
157	10	135345127	rs60719153	C	C	 100.0	 somatic	 high confidence
158	19	15806862	novel	G	G	 100.0	 somatic	 high confidence
159	19	15640611	novel	C	C	 100.0	 somatic	 high confidence
160	13	49281360	novel	G	G	 100.0	 somatic	 high confidence
161	7	6204589	novel	C	C	 100.0	 somatic	 high confidence
162	1	114454135	novel	G	G	 100.0	 somatic	 high confidence
163	12	2061665	novel	C	C	 100.0	 somatic	 high confidence
164	1	154997063	novel	G	G	 100.0	 somatic	 high confidence
165	4	183836646	novel	A	A	 100.0	 somatic	 high confidence
166	16	30441261	novel	C	C	 100.0	 somatic	 high confidence
167	4	169189110	novel	G	G	 100.0	 somatic	 high confidence
168	1	115161064	novel	C	C	 100.0	 somatic	 high confidence
169	8	142148180	novel	G	G	 100.0	 somatic	 high confidence
170	9	19328048	novel	T	T	 100.0	 somatic	 high confidence
171	1	12632769	novel	C	C	 100.0	 somatic	 high confidence
172	3	47891152	novel	C	C	 100.0	 somatic	 high confidence
173	17	57682898	novel	G	G	 100.0	 somatic	 high confidence
174	2	39082267	novel	C	C	 100.0	 somatic	 high confidence
175	17	41568583	novel	C	C	 100.0	 somatic	 high confidence
176	12	51090954	novel	C	C	 100.0	 somatic	 high confidence
177	X	32472919	novel	C	C	 100.0	 somatic	 high confidence
178	17	7702502	novel	C	C	 100.0	 somatic	 high confidence
179	6	38994322	novel	G	G	 100.0	 somatic	 high confidence
180	1	38027698	novel	C	C	 100.0	 somatic	 high confidence
181	12	32884039	novel	G	G	 100.0	 somatic	 high confidence
182	19	10251811	novel	G	G	 100.0	 somatic	 high confidence
183	2	25471061	novel	C	C	 100.0	 somatic	 high confidence
184	5	169477386	novel	A	A	 100.0	 somatic	 high confidence
185	8	25101246	novel	A	A	 100.0	 somatic	 high confidence
186	1	63008296	novel	A	A	 100.0	 somatic	 high confidence
187	1	63113818	novel	G	G	 100.0	 somatic	 high confidence
188	11	66255448	novel	G	G	 100.0	 somatic	 high confidence
189	12	63974565	novel	T	T	 100.0	 somatic	 high confidence
190	18	28970652	novel	C	C	 100.0	 somatic	 high confidence
191	15	45391968	novel	G	G	 100.0	 somatic	 high confidence
192	17	41852157	novel	T	T	 100.0	 somatic	 high confidence
193	1	206822215	novel	G	G	 100.0	 somatic	 high confidence
194	2	71840466	novel	G	G	 100.0	 somatic	 high confidence
195	17	79792431	novel	C	C	 100.0	 somatic	 high confidence
196	3	108363176	novel	A	A	 100.0	 somatic	 high confidence
197	11	19256510	novel	G	G	 100.0	 somatic	 high confidence
198	5	158524037	novel	C	C	 100.0	 somatic	 high confidence
199	1	43637201	novel	T	T	 100.0	 somatic	 high confidence
200	3	183858411	novel	T	T	 100.0	 somatic	 high confidence
201	3	184052538	novel	G	G	 100.0	 somatic	 high confidence
202	20	33868504	novel	T	T	 100.0	 somatic	 high confidence
203	2	85617292	novel	G	G	 100.0	 somatic	 high confidence
204	22	41573590	novel	A	A	 100.0	 somatic	 high confidence
205	20	34807701	novel	C	C	 100.0	 somatic	 high confidence
206	18	5397348	novel	C	C	 100.0	 somatic	 high confidence
207	15	43494168	novel	T	T	 100.0	 somatic	 high confidence
208	15	43501480	novel	G	G	 100.0	 somatic	 high confidence
209	1	226032978	novel	C	C	 100.0	 somatic	 high confidence
210	1	220203736	novel	C	C	 100.0	 somatic	 high confidence
211	10	50666893	novel	C	C	 100.0	 somatic	 high confidence
212	19	42753982	novel	C	C	 100.0	 somatic	 high confidence
213	11	124624203	novel	A	A	 100.0	 somatic	 high confidence
214	15	41476638	novel	C	C	 100.0	 somatic	 high confidence
215	17	74085381	novel	C	C	 100.0	 somatic	 high confidence
216	4	122725909	novel	A	A	 100.0	 somatic	 high confidence
217	11	108380379	novel	G	G	 100.0	 somatic	 high confidence
218	11	46744811	novel	G	G	 100.0	 somatic	 high confidence
219	1	169495229	novel	C	C	 100.0	 somatic	 high confidence
220	2	88425734	novel	C	C	 100.0	 somatic	 high confidence
221	1	51171474	novel	C	C	 100.0	 somatic	 high confidence
222	9	18928273	novel	G	G	 100.0	 somatic	 high confidence
223	6	82459822	novel	C	C	 100.0	 somatic	 high confidence
224	1	177245489	novel	G	G	 100.0	 somatic	 high confidence
225	3	10103846	novel	C	C	 100.0	 somatic	 high confidence
226	9	35075074	novel	C	C	 100.0	 somatic	 high confidence
227	14	45628406	novel	A	A	 100.0	 somatic	 high confidence
228	19	7755121	novel	C	C	 100.0	 somatic	 high confidence
229	19	40408821	rs45613437	C	G	 100.0	 somatic	 high confidence
230	7	50513124	novel	C	C	 100.0	 somatic	 high confidence
231	6	76063294	novel	C	C	 100.0	 somatic	 high confidence
232	3	58149024	novel	G	G	 100.0	 somatic	 high confidence
233	X	147030281	novel	C	C	 100.0	 somatic	 high confidence
234	5	169535475	novel	G	G	 100.0	 somatic	 high confidence
235	13	39453005	novel	G	G	 100.0	 somatic	 high confidence
236	6	96651633	novel	C	C	 100.0	 somatic	 high confidence
237	3	197503820	novel	G	G	 100.0	 somatic	 high confidence
238	8	28385385	novel	G	G	 100.0	 somatic	 high confidence
239	3	115342549	novel	A	A	 100.0	 somatic	 high confidence
240	4	110745180	novel	G	G	 100.0	 somatic	 high confidence
241	9	35739670	novel	G	G	 100.0	 somatic	 high confidence
242	10	104119133	novel	A	A	 100.0	 somatic	 high confidence
243	1	89847532	novel	T	T	 100.0	 somatic	 high confidence
244	19	13010342	novel	C	C	 100.0	 somatic	 high confidence
245	2	233671239	novel	G	G	 100.0	 somatic	 high confidence
246	7	42011971	novel	G	G	 100.0	 somatic	 high confidence
247	9	4117769	novel	G	G	 100.0	 somatic	 high confidence
248	19	19749242	novel	T	T	 100.0	 somatic	 high confidence
249	2	220367116	novel	C	C	 100.0	 somatic	 high confidence
250	16	56370656	novel	G	G	 100.0	 somatic	 high confidence
251	12	6953099	novel	G	G	 100.0	 somatic	 high confidence
252	3	121414380	novel	C	C	 100.0	 somatic	 high confidence
253	1	217793654	novel	A	A	 100.0	 somatic	 high confidence
254	1	217793327	novel	G	G	 100.0	 somatic	 high confidence
255	1	46120474	novel	C	C	 100.0	 somatic	 high confidence
256	13	94938703	novel	G	G	 100.0	 somatic	 high confidence
257	2	131486792	novel	G	G	 100.0	 somatic	 high confidence
258	3	119886447	novel	C	C	 100.0	 somatic	 high confidence
259	12	54757553	novel	A	A	 100.0	 somatic	 high confidence
260	2	11728976	novel	G	G	 100.0	 somatic	 high confidence
261	X	122561805	novel	C	C	 100.0	 somatic	 high confidence
262	6	146350924	novel	G	G	 100.0	 somatic	 high confidence
263	3	51749923	novel	G	G	 100.0	 somatic	 high confidence
264	6	33990611	novel	T	T	 100.0	 somatic	 high confidence
265	2	144704689	novel	G	G	 100.0	 somatic	 high confidence
266	14	81670418	novel	C	C	 100.0	 somatic	 high confidence
267	12	14836117	novel	A	A	 100.0	 somatic	 high confidence
268	5	54404022	novel	A	A	 100.0	 somatic	 high confidence
269	3	121354599	novel	G	G	 100.0	 somatic	 high confidence
270	1	155255596	novel	G	G	 100.0	 somatic	 high confidence
271	2	240066326	novel	T	T	 100.0	 somatic	 high confidence
272	12	66696455	novel	G	G	 100.0	 somatic	 high confidence
273	6	26031976	novel	A	A	 100.0	 somatic	 high confidence
274	10	71020999	novel	G	G	 100.0	 somatic	 high confidence
275	6	32411542	novel	C	C	 100.0	 somatic	 high confidence
276	1	185970756	novel	A	A	 100.0	 somatic	 high confidence
277	9	86589500	novel	A	A	 100.0	 somatic	 high confidence
278	19	41778080	novel	G	G	 100.0	 somatic	 high confidence
279	7	27140804	novel	C	C	 100.0	 somatic	 high confidence
280	12	122287620	novel	G	G	 100.0	 somatic	 high confidence
281	10	100190999	rs1801286	G	G	 100.0	 somatic	 high confidence
282	1	22201200	novel	C	C	 100.0	 somatic	 high confidence
283	2	27681692	novel	G	G	 100.0	 somatic	 high confidence
284	1	160062852	novel	G	G	 100.0	 somatic	 high confidence
285	2	219924898	novel	C	C	 100.0	 somatic	 high confidence
286	7	111161407	novel	C	C	 100.0	 somatic	 high confidence
287	7	111161477	novel	T	T	 100.0	 somatic	 high confidence
288	15	41366579	novel	T	T	 100.0	 somatic	 high confidence
289	1	153732864	novel	C	C	 100.0	 somatic	 high confidence
290	8	95848829	novel	A	A	 100.0	 somatic	 high confidence
291	13	98655254	novel	A	A	 100.0	 somatic	 high confidence
292	1	46195291	novel	G	G	 100.0	 somatic	 high confidence
293	3	51929110	novel	C	C	 100.0	 somatic	 high confidence
294	1	156504305	novel	T	T	 100.0	 somatic	 high confidence
295	14	77944991	novel	C	C	 100.0	 somatic	 high confidence
296	18	44593483	novel	C	C	 100.0	 somatic	 high confidence
297	11	105924905	novel	C	C	 100.0	 somatic	 high confidence
298	1	160053962	novel	C	C	 100.0	 somatic	 high confidence
299	1	41300689	novel	C	C	 100.0	 somatic	 high confidence
300	18	24035850	novel	G	G	 100.0	 somatic	 high confidence
301	Y	21903631	novel	C	C	 100.0	 somatic	 high confidence
302	8	136561135	novel	C	C	 100.0	 somatic	 high confidence
303	6	24556865	novel	G	G	 100.0	 somatic	 high confidence
304	1	3732046	novel	C	C	 100.0	 somatic	 high confidence
305	11	101818793	novel	G	G	 100.0	 somatic	 high confidence
306	14	94044315	novel	G	G	 100.0	 somatic	 high confidence
307	19	18376953	novel	T	T	 100.0	 somatic	 high confidence
308	9	115421658	novel	G	G	 100.0	 somatic	 high confidence
309	8	22473035	novel	A	A	 100.0	 somatic	 high confidence
310	1	21016692	novel	C	C	 100.0	 somatic	 high confidence
311	1	10386320	novel	G	G	 100.0	 somatic	 high confidence
312	17	51902131	novel	T	T	 100.0	 somatic	 high confidence
313	2	26151923	novel	C	C	 100.0	 somatic	 high confidence
314	12	27950794	novel	C	C	 100.0	 somatic	 high confidence
315	1	18808291	novel	G	G	 100.0	 somatic	 high confidence
316	6	97423950	novel	A	A	 100.0	 somatic	 high confidence
317	7	23145647	novel	T	T	 100.0	 somatic	 high confidence
318	4	187179260	novel	G	G	 100.0	 somatic	 high confidence
319	17	38926091	novel	G	G	 100.0	 somatic	 high confidence
320	12	52827788	novel	C	C	 100.0	 somatic	 high confidence
321	1	62672514	novel	A	A	 100.0	 somatic	 high confidence
322	18	6961751	novel	C	C	 100.0	 somatic	 high confidence
323	6	129622017	novel	G	G	 100.0	 somatic	 high confidence
324	6	129722433	novel	A	A	 100.0	 somatic	 high confidence
325	18	21487585	novel	A	A	 100.0	 somatic	 high confidence
326	1	183204789	novel	C	C	 100.0	 somatic	 high confidence
327	12	50529618	novel	C	C	 100.0	 somatic	 high confidence
328	21	40781958	novel	G	G	 100.0	 somatic	 high confidence
329	16	67976969	novel	C	C	 100.0	 somatic	 high confidence
330	2	136566183	novel	A	A	 100.0	 somatic	 high confidence
331	1	197896799	novel	G	G	 100.0	 somatic	 high confidence
332	5	38481962	novel	T	T	 100.0	 somatic	 high confidence
333	5	38523565	novel	C	C	 100.0	 somatic	 high confidence
334	1	26752734	novel	T	T	 100.0	 somatic	 high confidence
335	5	96362410	novel	A	A	 100.0	 somatic	 high confidence
336	2	100906853	novel	A	A	 100.0	 somatic	 high confidence
337	9	113704022	novel	G	G	 100.0	 somatic	 high confidence
338	15	34655900	novel	G	G	 100.0	 somatic	 high confidence
339	4	151765860	novel	C	C	 100.0	 somatic	 high confidence
340	4	151842402	novel	G	G	 100.0	 somatic	 high confidence
341	8	105502999	novel	G	G	 100.0	 somatic	 high confidence
342	2	141259287	novel	T	T	 100.0	 somatic	 high confidence
343	2	141598608	novel	A	A	 100.0	 somatic	 high confidence
344	2	141093185	novel	C	C	 100.0	 somatic	 high confidence
345	2	141458171	novel	C	C	 100.0	 somatic	 high confidence
346	2	170101380	novel	G	G	 100.0	 somatic	 high confidence
347	2	170145571	novel	T	T	 100.0	 somatic	 high confidence
348	11	46896483	novel	C	C	 100.0	 somatic	 high confidence
349	11	46900691	novel	C	C	 100.0	 somatic	 high confidence
350	16	84208297	novel	A	A	 100.0	 somatic	 high confidence
351	12	85441148	novel	G	G	 100.0	 somatic	 high confidence
352	12	40668513	novel	G	G	 100.0	 somatic	 high confidence
353	2	80530254	novel	G	G	 100.0	 somatic	 high confidence
354	3	46506350	novel	A	A	 100.0	 somatic	 high confidence
355	4	4276228	novel	G	G	 100.0	 somatic	 high confidence
356	19	4839394	novel	G	G	 100.0	 somatic	 high confidence
357	1	39854112	novel	A	A	 100.0	 somatic	 high confidence
358	20	39317231	novel	C	C	 100.0	 somatic	 high confidence
359	5	179193623	novel	G	G	 100.0	 somatic	 high confidence
360	X	149638866	novel	C	C	 100.0	 somatic	 high confidence
361	5	71493504	novel	A	A	 100.0	 somatic	 high confidence
362	2	210517907	novel	C	C	 100.0	 somatic	 high confidence
363	2	210518007	novel	G	G	 100.0	 somatic	 high confidence
364	2	210559298	novel	A	A	 100.0	 somatic	 high confidence
365	11	65365977	novel	C	C	 100.0	 somatic	 high confidence
366	14	71199705	novel	C	C	 100.0	 somatic	 high confidence
367	19	45783978	novel	G	G	 100.0	 somatic	 high confidence
368	12	57906657	novel	C	C	 100.0	 somatic	 high confidence
369	3	186953777	novel	C	C	 100.0	 somatic	 high confidence
370	1	11103024	novel	C	C	 100.0	 somatic	 high confidence
371	5	70898412	novel	C	C	 100.0	 somatic	 high confidence
372	X	138678716	novel	A	A	 100.0	 somatic	 high confidence
373	8	48887445	novel	G	G	 100.0	 somatic	 high confidence
374	22	35817330	novel	C	C	 100.0	 somatic	 high confidence
375	1	85510878	novel	G	G	 100.0	 somatic	 high confidence
376	6	90504414	novel	G	G	 100.0	 somatic	 high confidence
377	4	128886282	novel	C	C	 100.0	 somatic	 high confidence
378	3	158320712	novel	C	C	 100.0	 somatic	 high confidence
379	3	154801961	novel	G	G	 100.0	 somatic	 high confidence
380	7	24703249	novel	A	A	 100.0	 somatic	 high confidence
381	19	10365272	novel	A	A	 100.0	 somatic	 high confidence
382	9	138395416	novel	C	C	 100.0	 somatic	 high confidence
383	11	60170455	novel	T	T	 100.0	 somatic	 high confidence
384	17	55693352	novel	C	C	 100.0	 somatic	 high confidence
385	1	38288275	novel	C	C	 100.0	 somatic	 high confidence
386	1	38322970	novel	C	C	 100.0	 somatic	 high confidence
387	X	149787599	novel	T	T	 100.0	 somatic	 high confidence
388	15	31229421	novel	G	G	 100.0	 somatic	 high confidence
389	17	56589798	novel	T	T	 100.0	 somatic	 high confidence
390	10	112039789	novel	C	C	 100.0	 somatic	 high confidence
391	13	77750754	novel	C	C	 100.0	 somatic	 high confidence
392	17	10398411	novel	A	A	 100.0	 somatic	 high confidence
393	16	15851685	novel	G	G	 100.0	 somatic	 high confidence
394	17	10296440	novel	G	G	 100.0	 somatic	 high confidence
395	3	123451830	novel	C	C	 100.0	 somatic	 high confidence
396	5	150050172	novel	C	C	 100.0	 somatic	 high confidence
397	X	72434109	novel	T	T	 100.0	 somatic	 high confidence
398	13	41894869	novel	G	G	 100.0	 somatic	 high confidence
399	18	55270102	novel	A	A	 100.0	 somatic	 high confidence
400	17	72769128	novel	C	C	 100.0	 somatic	 high confidence
401	6	126236493	novel	A	A	 100.0	 somatic	 high confidence
402	4	118975094	novel	A	A	 100.0	 somatic	 high confidence
403	12	4794481	novel	A	A	 100.0	 somatic	 high confidence
404	10	21147173	novel	C	C	 100.0	 somatic	 high confidence
405	3	52777411	novel	G	G	 100.0	 somatic	 high confidence
406	14	75562107	novel	C	C	 100.0	 somatic	 high confidence
407	11	20699528	novel	C	C	 100.0	 somatic	 high confidence
408	11	21555973	novel	G	G	 100.0	 somatic	 high confidence
409	2	182542615	novel	G	G	 100.0	 somatic	 high confidence
410	1	204942508	novel	C	C	 100.0	 somatic	 high confidence
411	14	24841732	novel	C	C	 100.0	 somatic	 high confidence
412	8	99217367	novel	T	T	 100.0	 somatic	 high confidence
413	11	7981653	novel	C	C	 100.0	 somatic	 high confidence
414	2	101086964	novel	G	G	 100.0	 somatic	 high confidence
415	10	72195550	novel	C	C	 100.0	 somatic	 high confidence
416	2	203160560	novel	G	G	 100.0	 somatic	 high confidence
417	19	15291013	novel	C	C	 100.0	 somatic	 high confidence
418	1	153659558	novel	G	G	 100.0	 somatic	 high confidence
419	11	47283108	novel	T	T	 100.0	 somatic	 high confidence
420	5	92920997	novel	G	G	 100.0	 somatic	 high confidence
421	12	52449923	novel	C	C	 100.0	 somatic	 high confidence
422	5	6600064	novel	G	G	 100.0	 somatic	 high confidence
423	11	132016270	novel	G	G	 100.0	 somatic	 high confidence
424	17	9066253	novel	A	A	 100.0	 somatic	 high confidence
425	11	47840972	novel	G	G	 100.0	 somatic	 high confidence
426	3	13383295	novel	T	T	 100.0	 somatic	 high confidence
427	1	224491532	novel	G	G	 100.0	 somatic	 high confidence
428	2	10584375	novel	G	G	 100.0	 somatic	 high confidence
429	9	138011819	novel	A	A	 100.0	 somatic	 high confidence
430	1	161954657	novel	C	C	 100.0	 somatic	 high confidence
431	1	58971764	novel	G	G	 100.0	 somatic	 high confidence
432	1	159283953	novel	C	C	 100.0	 somatic	 high confidence
433	11	57995561	novel	C	C	 100.0	 somatic	 high confidence
434	9	125330654	novel	C	C	 100.0	 somatic	 high confidence
435	11	58206946	novel	G	G	 100.0	 somatic	 high confidence
436	19	14938690	novel	G	G	 100.0	 somatic	 high confidence
437	7	24874237	novel	C	C	 100.0	 somatic	 high confidence
438	4	146076741	novel	A	A	 100.0	 somatic	 high confidence
439	14	97022718	novel	G	G	 100.0	 somatic	 high confidence
440	2	61007858	novel	G	G	 100.0	 somatic	 high confidence
441	10	34400354	novel	C	C	 100.0	 somatic	 high confidence
442	11	31823252	novel	C	C	 100.0	 somatic	 high confidence
443	1	19027178	novel	G	G	 100.0	 somatic	 high confidence
444	4	134071714	novel	G	G	 100.0	 somatic	 high confidence
445	4	134072724	novel	G	G	 100.0	 somatic	 high confidence
446	10	55582615	novel	G	G	 100.0	 somatic	 high confidence
447	4	138442769	novel	G	G	 100.0	 somatic	 high confidence
448	4	138451055	novel	C	C	 100.0	 somatic	 high confidence
449	5	140236799	novel	C	C	 100.0	 somatic	 high confidence
450	5	140236826	novel	C	C	 100.0	 somatic	 high confidence
451	5	140719682	novel	A	A	 100.0	 somatic	 high confidence
452	5	140855883	novel	G	G	 100.0	 somatic	 high confidence
453	5	140856327	novel	C	C	 100.0	 somatic	 high confidence
454	14	71514525	novel	T	T	 100.0	 somatic	 high confidence
455	3	142539794	novel	G	G	 100.0	 somatic	 high confidence
456	5	148746994	novel	G	G	 100.0	 somatic	 high confidence
457	7	31887591	novel	T	T	 100.0	 somatic	 high confidence
458	19	10577875	novel	G	G	 100.0	 somatic	 high confidence
459	1	144917533	novel	C	C	 100.0	 somatic	 high confidence
460	6	107531774	novel	T	T	 100.0	 somatic	 high confidence
461	5	32087578	novel	G	G	 100.0	 somatic	 high confidence
462	10	119044154	novel	C	C	 100.0	 somatic	 high confidence
463	19	57326102	novel	A	A	 100.0	 somatic	 high confidence
464	2	64323294	novel	G	G	 100.0	 somatic	 high confidence
465	11	66238834	novel	G	A	 100.0	 somatic	 high confidence
466	17	17425706	novel	C	C	 100.0	 somatic	 high confidence
467	X	77359880	novel	A	A	 100.0	 somatic	 high confidence
468	20	58318186	novel	C	C	 100.0	 somatic	 high confidence
469	17	27251028	novel	T	T	 100.0	 somatic	 high confidence
470	9	96398789	novel	G	G	 100.0	 somatic	 high confidence
471	X	71855008	novel	G	G	 100.0	 somatic	 high confidence
472	4	25278772	novel	C	C	 100.0	 somatic	 high confidence
473	22	21072002	novel	G	G	 100.0	 somatic	 high confidence
474	1	77635002	novel	C	C	 100.0	 somatic	 high confidence
475	18	39637988	novel	G	G	 100.0	 somatic	 high confidence
476	2	209188947	novel	C	C	 100.0	 somatic	 high confidence
477	8	22165530	novel	G	G	 100.0	 somatic	 high confidence
478	5	108714257	novel	C	C	 100.0	 somatic	 high confidence
479	22	46656371	novel	G	G	 100.0	 somatic	 high confidence
480	12	33031255	novel	C	C	 100.0	 somatic	 high confidence
481	19	48565337	novel	G	G	 100.0	 somatic	 high confidence
482	2	160869814	novel	C	C	 100.0	 somatic	 high confidence
483	2	160884842	novel	T	T	 100.0	 somatic	 high confidence
484	X	133700530	novel	G	G	 100.0	 somatic	 high confidence
485	3	155200568	novel	C	C	 100.0	 somatic	 high confidence
486	3	155215147	novel	T	T	 100.0	 somatic	 high confidence
487	2	198949289	novel	G	G	 100.0	 somatic	 high confidence
488	19	50918106	novel	G	G	 100.0	 somatic	 high confidence
489	12	133209065	rs58916399	C	C	 100.0	 somatic	 high confidence
490	13	79175575	novel	C	C	 100.0	 somatic	 high confidence
491	14	63848858	novel	A	A	 100.0	 somatic	 high confidence
492	10	103901601	novel	G	G	 100.0	 somatic	 high confidence
493	15	91519980	novel	G	G	 100.0	 somatic	 high confidence
494	6	106553111	novel	C	C	 100.0	 somatic	 high confidence
495	11	129781985	novel	C	C	 100.0	 somatic	 high confidence
496	1	14105372	novel	C	C	 100.0	 somatic	 high confidence
497	2	37543567	novel	G	G	 100.0	 somatic	 high confidence
498	20	4680437	novel	A	A	 100.0	 somatic	 high confidence
499	1	214170084	novel	T	T	 100.0	 somatic	 high confidence
500	1	150297483	novel	C	C	 100.0	 somatic	 high confidence
501	20	62654201	novel	C	C	 100.0	 somatic	 high confidence
502	1	170695391	novel	C	C	 100.0	 somatic	 high confidence
503	6	84233665	novel	C	C	 100.0	 somatic	 high confidence
504	9	80919698	novel	G	G	 100.0	 somatic	 high confidence
505	17	4701656	novel	G	G	 100.0	 somatic	 high confidence
506	20	48127680	novel	A	A	 100.0	 somatic	 high confidence
507	2	209302500	novel	A	A	 100.0	 somatic	 high confidence
508	6	43109698	novel	C	C	 100.0	 somatic	 high confidence
509	9	112199180	novel	C	C	 100.0	 somatic	 high confidence
510	1	198700802	novel	A	A	 100.0	 somatic	 high confidence
511	7	157997893	novel	A	A	 100.0	 somatic	 high confidence
512	19	5225777	novel	C	C	 100.0	 somatic	 high confidence
513	2	20463198	novel	G	G	 100.0	 somatic	 high confidence
514	1	161042468	novel	G	G	 100.0	 somatic	 high confidence
515	21	45542088	novel	C	C	 100.0	 somatic	 high confidence
516	6	146865171	novel	G	G	 100.0	 somatic	 high confidence
517	1	220346055	novel	C	C	 100.0	 somatic	 high confidence
518	1	76260243	novel	G	G	 100.0	 somatic	 high confidence
519	17	56809849	novel	G	G	 100.0	 somatic	 high confidence
520	9	135985085	novel	G	G	 100.0	 somatic	 high confidence
521	3	25636097	novel	C	C	 100.0	 somatic	 high confidence
522	12	53608001	novel	G	G	 100.0	 somatic	 high confidence
523	8	53588972	novel	T	T	 100.0	 somatic	 high confidence
524	12	114395727	novel	C	C	 100.0	 somatic	 high confidence
525	3	139257751	novel	C	C	 100.0	 somatic	 high confidence
526	13	49084816	novel	C	C	 100.0	 somatic	 high confidence
527	19	50040445	novel	C	C	 100.0	 somatic	 high confidence
528	1	167666688	novel	C	C	 100.0	 somatic	 high confidence
529	2	79255402	novel	G	G	 100.0	 somatic	 high confidence
530	2	61118842	novel	T	T	 100.0	 somatic	 high confidence
531	9	136277967	novel	G	G	 100.0	 somatic	 high confidence
532	1	176012862	novel	C	C	 100.0	 somatic	 high confidence
533	17	74471179	novel	G	G	 100.0	 somatic	 high confidence
534	14	63735879	novel	C	C	 100.0	 somatic	 high confidence
535	12	107208910	novel	C	C	 100.0	 somatic	 high confidence
536	2	152276753	novel	G	G	 100.0	 somatic	 high confidence
537	12	130963507	novel	C	C	 100.0	 somatic	 high confidence
538	13	98828901	novel	T	T	 100.0	 somatic	 high confidence
539	15	60919494	novel	C	C	 100.0	 somatic	 high confidence
540	18	33573121	novel	T	T	 100.0	 somatic	 high confidence
541	19	54710158	novel	C	C	 100.0	 somatic	 high confidence
542	17	78914375	novel	G	G	 100.0	 somatic	 high confidence
543	21	45106705	novel	A	A	 100.0	 somatic	 high confidence
544	11	77378483	novel	G	G	 100.0	 somatic	 high confidence
545	9	35560334	novel	G	G	 100.0	 somatic	 high confidence
546	19	38942456	novel	G	G	 100.0	 somatic	 high confidence
547	14	21991019	novel	C	C	 100.0	 somatic	 high confidence
548	6	130497026	novel	G	G	 100.0	 somatic	 high confidence
549	7	92731616	novel	T	T	 100.0	 somatic	 high confidence
550	11	9867271	novel	A	A	 100.0	 somatic	 high confidence
551	8	27509049	novel	G	G	 100.0	 somatic	 high confidence
552	X	17770044	novel	T	T	 100.0	 somatic	 high confidence
553	20	18491585	novel	G	G	 100.0	 somatic	 high confidence
554	7	83675757	novel	C	C	 100.0	 somatic	 high confidence
555	9	91993777	novel	G	G	 100.0	 somatic	 high confidence
556	15	74707235	novel	G	G	 100.0	 somatic	 high confidence
557	4	77936159	novel	G	G	 100.0	 somatic	 high confidence
558	14	94964682	novel	T	T	 100.0	 somatic	 high confidence
559	11	75282887	novel	G	G	 100.0	 somatic	 high confidence
560	2	180056552	novel	A	A	 100.0	 somatic	 high confidence
561	9	135139810	novel	G	G	 100.0	 somatic	 high confidence
562	3	52954655	novel	G	G	 100.0	 somatic	 high confidence
563	8	14412341	novel	C	C	 100.0	 somatic	 high confidence
564	20	42198070	novel	C	C	 100.0	 somatic	 high confidence
565	4	8242611	novel	C	C	 100.0	 somatic	 high confidence
566	15	45470476	novel	G	G	 100.0	 somatic	 high confidence
567	11	111575829	novel	G	G	 100.0	 somatic	 high confidence
568	19	38655329	novel	C	C	 100.0	 somatic	 high confidence
569	10	69669124	novel	T	T	 100.0	 somatic	 high confidence
570	9	35650554	novel	C	C	 100.0	 somatic	 high confidence
571	5	54639266	novel	T	T	 100.0	 somatic	 high confidence
572	1	159799765	novel	G	G	 100.0	 somatic	 high confidence
573	16	56926016	novel	C	C	 100.0	 somatic	 high confidence
574	12	129299482	novel	G	G	 100.0	 somatic	 high confidence
575	17	6941842	novel	G	G	 100.0	 somatic	 high confidence
576	5	36686237	novel	C	C	 100.0	 somatic	 high confidence
577	2	113416940	novel	G	G	 100.0	 somatic	 high confidence
578	8	42294804	novel	G	G	 100.0	 somatic	 high confidence
579	11	64337261	novel	T	T	 100.0	 somatic	 high confidence
580	5	138716072	novel	C	C	 100.0	 somatic	 high confidence
581	15	48414087	novel	C	C	 100.0	 somatic	 high confidence
582	10	70248347	novel	C	C	 100.0	 somatic	 high confidence
583	8	92352744	novel	G	G	 100.0	 somatic	 high confidence
584	10	73121836	novel	C	C	 100.0	 somatic	 high confidence
585	5	139947046	novel	G	G	 100.0	 somatic	 high confidence
586	1	67507996	novel	C	C	 100.0	 somatic	 high confidence
587	1	75708605	novel	C	C	 100.0	 somatic	 high confidence
588	1	75685516	novel	T	T	 100.0	 somatic	 high confidence
589	5	1244437	novel	T	T	 100.0	 somatic	 high confidence
590	3	45801444	novel	C	C	 100.0	 somatic	 high confidence
591	11	20658834	novel	T	T	 100.0	 somatic	 high confidence
592	3	14523276	novel	C	C	 100.0	 somatic	 high confidence
593	5	101575005	novel	G	G	 100.0	 somatic	 high confidence
594	17	62558998	novel	T	T	 100.0	 somatic	 high confidence
595	2	70123578	novel	C	C	 100.0	 somatic	 high confidence
596	14	78217769	novel	C	C	 100.0	 somatic	 high confidence
597	10	97174447	novel	G	G	 100.0	 somatic	 high confidence
598	5	157065251	novel	A	A	 100.0	 somatic	 high confidence
599	2	214972925	novel	A	A	 100.0	 somatic	 high confidence
600	4	88415276	novel	T	T	 100.0	 somatic	 high confidence
601	1	217804728	novel	C	C	 100.0	 somatic	 high confidence
602	11	64940178	novel	C	C	 100.0	 somatic	 high confidence
603	5	136834147	novel	T	T	 100.0	 somatic	 high confidence
604	11	66457401	novel	C	C	 100.0	 somatic	 high confidence
605	14	35492151	novel	A	A	 100.0	 somatic	 high confidence
606	17	2226989	novel	T	T	 100.0	 somatic	 high confidence
607	11	8739433	novel	A	A	 100.0	 somatic	 high confidence
608	9	130674548	novel	G	G	 100.0	 somatic	 high confidence
609	18	55020134	novel	C	C	 100.0	 somatic	 high confidence
610	3	36485048	novel	C	C	 100.0	 somatic	 high confidence
611	11	4107753	novel	G	G	 100.0	 somatic	 high confidence
612	3	31674618	novel	A	A	 100.0	 somatic	 high confidence
613	16	28603721	rs45583638	C	C	 100.0	 somatic	 high confidence
614	14	21827744	novel	G	G	 100.0	 somatic	 high confidence
615	1	210273606	novel	C	C	 100.0	 somatic	 high confidence
616	10	123903109	novel	G	G	 100.0	 somatic	 high confidence
617	17	27861215	novel	C	C	 100.0	 somatic	 high confidence
618	3	10302106	novel	G	G	 100.0	 somatic	 high confidence
619	7	72985637	novel	T	T	 100.0	 somatic	 high confidence
620	7	139611041	novel	G	G	 100.0	 somatic	 high confidence
621	22	42564705	novel	T	T	 100.0	 somatic	 high confidence
622	20	61488883	novel	C	C	 100.0	 somatic	 high confidence
623	12	106708244	novel	T	T	 100.0	 somatic	 high confidence
624	12	3131010	novel	T	T	 100.0	 somatic	 high confidence
625	11	121008522	novel	G	G	 100.0	 somatic	 high confidence
626	9	35607950	novel	T	T	 100.0	 somatic	 high confidence
627	10	70450810	novel	C	C	 100.0	 somatic	 high confidence
628	9	103091504	novel	G	G	 100.0	 somatic	 high confidence
629	8	30704685	novel	C	C	 100.0	 somatic	 high confidence
630	2	121992798	novel	G	G	 100.0	 somatic	 high confidence
631	9	101900255	novel	C	C	 100.0	 somatic	 high confidence
632	2	105924689	novel	G	G	 100.0	 somatic	 high confidence
633	20	35219827	novel	C	C	 100.0	 somatic	 high confidence
634	2	242572692	novel	G	G	 100.0	 somatic	 high confidence
635	19	36530557	novel	T	T	 100.0	 somatic	 high confidence
636	10	121338316	novel	C	C	 100.0	 somatic	 high confidence
637	4	153690848	novel	C	C	 100.0	 somatic	 high confidence
638	3	114014682	novel	T	T	 100.0	 somatic	 high confidence
639	X	153543571	novel	G	G	 100.0	 somatic	 high confidence
640	4	164393599	novel	C	C	 100.0	 somatic	 high confidence
641	19	2994023	novel	G	G	 100.0	 somatic	 high confidence
642	12	108985886	novel	G	G	 100.0	 somatic	 high confidence
643	10	104233392	novel	G	G	 100.0	 somatic	 high confidence
644	6	130762405	novel	A	A	 100.0	 somatic	 high confidence
645	17	10628349	novel	A	A	 100.0	 somatic	 high confidence
646	3	185214750	novel	C	C	 100.0	 somatic	 high confidence
647	1	95657366	novel	T	T	 100.0	 somatic	 high confidence
648	15	34520707	novel	G	G	 100.0	 somatic	 high confidence
649	19	2389785	novel	T	T	 100.0	 somatic	 high confidence
650	12	29669313	novel	G	G	 100.0	 somatic	 high confidence
651	17	26668321	novel	A	A	 100.0	 somatic	 high confidence
652	15	51350490	novel	G	G	 100.0	 somatic	 high confidence
653	1	7998829	novel	A	A	 100.0	 somatic	 high confidence
654	10	93622727	novel	A	A	 100.0	 somatic	 high confidence
655	1	175087810	novel	G	G	 100.0	 somatic	 high confidence
656	1	175105027	novel	G	G	 100.0	 somatic	 high confidence
657	11	1307253	novel	C	C	 100.0	 somatic	 high confidence
658	8	59728180	novel	T	T	 100.0	 somatic	 high confidence
659	11	68846395	novel	G	G	 100.0	 somatic	 high confidence
660	9	35685704	novel	C	C	 100.0	 somatic	 high confidence
661	12	73014954	novel	G	G	 100.0	 somatic	 high confidence
662	11	35756977	novel	G	G	 100.0	 somatic	 high confidence
663	1	117661235	novel	C	C	 100.0	 somatic	 high confidence
664	21	45786682	novel	C	C	 100.0	 somatic	 high confidence
665	9	135798822	novel	G	G	 100.0	 somatic	 high confidence
666	3	12560594	novel	A	A	 100.0	 somatic	 high confidence
667	17	73517591	novel	G	G	 100.0	 somatic	 high confidence
668	1	32829537	novel	C	C	 100.0	 somatic	 high confidence
669	2	33042601	novel	C	C	 100.0	 somatic	 high confidence
670	2	113251854	novel	G	G	 100.0	 somatic	 high confidence
671	9	124751691	novel	C	C	 100.0	 somatic	 high confidence
672	2	179665157	novel	C	C	 100.0	 somatic	 high confidence
673	9	12709024	novel	G	G	 100.0	 somatic	 high confidence
674	15	74742335	novel	C	C	 100.0	 somatic	 high confidence
675	3	33453143	novel	G	G	 100.0	 somatic	 high confidence
676	4	69403546	novel	A	G	 100.0	 somatic	 high confidence
677	19	17369048	novel	G	G	 100.0	 somatic	 high confidence
678	1	78167057	novel	C	C	 100.0	 somatic	 high confidence
679	17	76831397	novel	G	G	 100.0	 somatic	 high confidence
680	6	99936601	novel	T	T	 100.0	 somatic	 high confidence
681	1	7837309	novel	G	G	 100.0	 somatic	 high confidence
682	1	116206395	novel	T	T	 100.0	 somatic	 high confidence
683	3	42572287	novel	C	C	 100.0	 somatic	 high confidence
684	1	159828610	novel	G	G	 100.0	 somatic	 high confidence
685	7	73100970	novel	C	C	 100.0	 somatic	 high confidence
686	4	85672796	novel	T	T	 100.0	 somatic	 high confidence
687	4	41984023	novel	G	G	 100.0	 somatic	 high confidence
688	5	110448773	novel	G	G	 100.0	 somatic	 high confidence
689	X	117532357	novel	G	G	 100.0	 somatic	 high confidence
690	3	52179927	novel	G	G	 100.0	 somatic	 high confidence
691	19	36591650	novel	T	T	 100.0	 somatic	 high confidence
692	1	241964463	novel	T	T	 100.0	 somatic	 high confidence
693	1	43647336	novel	C	C	 100.0	 somatic	 high confidence
694	4	1920067	novel	C	C	 100.0	 somatic	 high confidence
695	12	65448987	novel	C	C	 100.0	 somatic	 high confidence
696	X	54335608	novel	G	G	 100.0	 somatic	 high confidence
697	17	6661425	novel	C	C	 100.0	 somatic	 high confidence
698	22	50278629	novel	T	T	 100.0	 somatic	 high confidence
699	20	56185214	novel	C	C	 100.0	 somatic	 high confidence
700	1	197157491	novel	A	A	 100.0	 somatic	 high confidence
701	13	46577302	novel	G	G	 100.0	 somatic	 high confidence
702	11	66311234	novel	G	G	 100.0	 somatic	 high confidence
703	10	31803616	novel	A	A	 100.0	 somatic	 high confidence
704	10	31815822	novel	G	G	 100.0	 somatic	 high confidence
705	4	188924091	novel	A	A	 100.0	 somatic	 high confidence
706	11	64852259	novel	C	C	 100.0	 somatic	 high confidence
707	3	147113874	novel	C	C	 100.0	 somatic	 high confidence
708	7	99631578	novel	A	A	 100.0	 somatic	 high confidence
709	8	40683148	novel	G	G	 100.0	 somatic	 high confidence
710	11	9537812	novel	G	G	 100.0	 somatic	 high confidence
711	19	44611527	novel	G	G	 100.0	 somatic	 high confidence
712	10	38242032	novel	C	C	 100.0	 somatic	 high confidence
713	19	58640170	novel	T	T	 100.0	 somatic	 high confidence
714	20	25655786	novel	T	T	 100.0	 somatic	 high confidence
715	19	52472333	novel	G	G	 100.0	 somatic	 high confidence
716	5	71757002	novel	C	C	 100.0	 somatic	 high confidence
717	19	32844973	novel	C	C	 100.0	 somatic	 high confidence
718	9	99521929	novel	G	G	 100.0	 somatic	 high confidence
719	2	27600815	novel	C	C	 100.0	 somatic	 high confidence
720	19	9453181	novel	C	C	 100.0	 somatic	 high confidence
721	8	195559	novel	C	C	 100.0	 somatic	 high confidence
722	19	52521642	novel	A	A	 100.0	 somatic	 high confidence
723	3	40558182	novel	G	G	 100.0	 somatic	 high confidence
724	17	16525876	novel	G	G	 100.0	 somatic	 high confidence
725	19	40580460	novel	C	C	 100.0	 somatic	 high confidence
726	17	3954155	novel	G	G	 100.0	 somatic	 high confidence
