 	#CHROM	POS	DBSNP_ID	REF	ALT	QUAL	SOMATIC_GERMLINE_CLASSIFICATION	CONFIDENCE 	 TCGA-AA-A01P-01A-21W-A096-10	 hg19
0	6	30557493	novel	G	A	 100.0	 somatic	 high confidence
1	10	124800808	novel	T	A	 100.0	 somatic	 high confidence
2	X	15599443	novel	G	C	 100.0	 somatic	 high confidence
3	17	42855538	novel	T	C	 100.0	 somatic	 high confidence
4	5	128862019	novel	G	T	 100.0	 somatic	 high confidence
5	2	100171179	novel	C	T	 100.0	 somatic	 high confidence
6	10	97366665	novel	C	T	 100.0	 somatic	 high confidence
7	17	6905107	novel	C	A	 100.0	 somatic	 high confidence
8	X	11316902	novel	T	C	 100.0	 somatic	 high confidence
9	12	53818197	novel	C	T	 100.0	 somatic	 high confidence
10	X	112022857	novel	G	T	 100.0	 somatic	 high confidence
11	9	129870365	novel	G	A	 100.0	 somatic	 high confidence
12	8	41557016	novel	C	T	 100.0	 somatic	 high confidence
13	4	114275049	novel	G	A	 100.0	 somatic	 high confidence
14	10	61956308	novel	C	T	 100.0	 somatic	 high confidence
15	17	4088218	novel	C	T	 100.0	 somatic	 high confidence
16	12	110475213	novel	G	A	 100.0	 somatic	 high confidence
17	4	125593090	novel	T	C	 100.0	 somatic	 high confidence
18	2	71206872	novel	G	A	 100.0	 somatic	 high confidence
19	12	99640070	novel	T	C	 100.0	 somatic	 high confidence
20	12	101477501	novel	C	T	 100.0	 somatic	 high confidence
21	4	80905088	novel	T	G	 100.0	 somatic	 high confidence
22	14	24035494	novel	C	T	 100.0	 somatic	 high confidence
23	19	10689573	novel	C	T	 100.0	 somatic	 high confidence
24	4	40818246	novel	G	A	 100.0	 somatic	 high confidence
25	2	21235490	novel	G	A	 100.0	 somatic	 high confidence
26	4	153750858	novel	C	T	 100.0	 somatic	 high confidence
27	8	1833856	novel	G	A	 100.0	 somatic	 high confidence
28	8	1876698	novel	A	G	 100.0	 somatic	 high confidence
29	14	21544776	novel	C	A	 100.0	 somatic	 high confidence
30	3	5214397	novel	T	C	 100.0	 somatic	 high confidence
31	1	155317683	novel	G	A	 100.0	 somatic	 high confidence
32	17	29162987	novel	G	A	 100.0	 somatic	 high confidence
33	19	36054407	novel	A	G	 100.0	 somatic	 high confidence
34	16	28845724	novel	C	T	 100.0	 somatic	 high confidence
35	20	48263537	novel	G	A	 100.0	 somatic	 high confidence
36	9	16436764	novel	G	T	 100.0	 somatic	 high confidence
37	7	140453136	novel	A	T	 100.0	 somatic	 high confidence
38	X	79984354	novel	A	G	 100.0	 somatic	 high confidence
39	15	83710482	novel	G	A	 100.0	 somatic	 high confidence
40	2	111413336	novel	A	G	 100.0	 somatic	 high confidence
41	12	112668612	novel	C	T	 100.0	 somatic	 high confidence
42	14	31917483	novel	G	A	 100.0	 somatic	 high confidence
43	14	23457191	novel	C	T	 100.0	 somatic	 high confidence
44	17	35734837	novel	C	T	 100.0	 somatic	 high confidence
45	1	247726901	novel	G	A	 100.0	 somatic	 high confidence
46	4	81504249	novel	C	T	 100.0	 somatic	 high confidence
47	5	37196023	novel	C	T	 100.0	 somatic	 high confidence
48	8	12863856	novel	G	A	 100.0	 somatic	 high confidence
49	10	18816590	novel	G	A	 100.0	 somatic	 high confidence
50	17	64880813	novel	G	A	 100.0	 somatic	 high confidence
51	5	40852608	novel	C	T	 100.0	 somatic	 high confidence
52	19	15166877	novel	C	T	 100.0	 somatic	 high confidence
53	7	128454762	rs61730244	G	T	 100.0	 somatic	 high confidence
54	12	49310877	novel	G	T	 100.0	 somatic	 high confidence
55	11	86123451	novel	G	A	 100.0	 somatic	 high confidence
56	5	169026014	novel	A	G	 100.0	 somatic	 high confidence
57	12	49088182	novel	C	T	 100.0	 somatic	 high confidence
58	1	207934672	novel	A	G	 100.0	 somatic	 high confidence
59	17	45258949	novel	C	T	 100.0	 somatic	 high confidence
60	6	110539001	novel	A	C	 100.0	 somatic	 high confidence
61	16	65016045	novel	T	C	 100.0	 somatic	 high confidence
62	17	37649059	novel	C	T	 100.0	 somatic	 high confidence
63	16	55905602	novel	A	G	 100.0	 somatic	 high confidence
64	16	53337937	novel	G	A	 100.0	 somatic	 high confidence
65	2	101023061	novel	G	A	 100.0	 somatic	 high confidence
66	15	65489979	novel	C	A	 100.0	 somatic	 high confidence
67	21	31587610	novel	C	T	 100.0	 somatic	 high confidence
68	5	79025547	novel	A	G	 100.0	 somatic	 high confidence
69	10	101120678	novel	C	T	 100.0	 somatic	 high confidence
70	3	74548922	novel	G	A	 100.0	 somatic	 high confidence
71	7	51095669	novel	G	A	 100.0	 somatic	 high confidence
72	8	121220582	novel	C	T	 100.0	 somatic	 high confidence
73	9	101765754	novel	C	T	 100.0	 somatic	 high confidence
74	X	107911576	novel	G	T	 100.0	 somatic	 high confidence
75	15	68937509	novel	G	A	 100.0	 somatic	 high confidence
76	8	75927084	novel	C	T	 100.0	 somatic	 high confidence
77	3	186256620	novel	C	A	 100.0	 somatic	 high confidence
78	1	36939140	novel	C	T	 100.0	 somatic	 high confidence
79	8	2836296	novel	C	A	 100.0	 somatic	 high confidence
80	18	19996093	novel	G	A	 100.0	 somatic	 high confidence
81	X	83129490	novel	G	A	 100.0	 somatic	 high confidence
82	19	41351278	novel	C	A	 100.0	 somatic	 high confidence
83	19	41709507	novel	C	T	 100.0	 somatic	 high confidence
84	19	15807842	novel	G	A	 100.0	 somatic	 high confidence
85	14	59113811	novel	C	T	 100.0	 somatic	 high confidence
86	17	61660984	novel	G	A	 100.0	 somatic	 high confidence
87	4	155242025	novel	G	T	 100.0	 somatic	 high confidence
88	10	115602168	novel	T	C	 100.0	 somatic	 high confidence
89	5	112349152	novel	A	G	 100.0	 somatic	 high confidence
90	11	103907872	novel	C	T	 100.0	 somatic	 high confidence
91	9	32457301	novel	C	T	 100.0	 somatic	 high confidence
92	4	169393052	novel	T	C	 100.0	 somatic	 high confidence
93	1	224377794	novel	A	G	 100.0	 somatic	 high confidence
94	9	126392730	novel	G	A	 100.0	 somatic	 high confidence
95	13	42780220	novel	G	A	 100.0	 somatic	 high confidence
96	15	66625346	novel	G	A	 100.0	 somatic	 high confidence
97	3	38127850	novel	G	A	 100.0	 somatic	 high confidence
98	X	69699035	novel	C	T	 100.0	 somatic	 high confidence
99	X	32536245	novel	C	A	 100.0	 somatic	 high confidence
100	2	196791250	novel	C	T	 100.0	 somatic	 high confidence
101	19	11356364	novel	G	T	 100.0	 somatic	 high confidence
102	20	17581651	novel	C	T	 100.0	 somatic	 high confidence
103	6	139135716	novel	T	A	 100.0	 somatic	 high confidence
104	14	89087152	novel	G	A	 100.0	 somatic	 high confidence
105	14	89128020	novel	T	C	 100.0	 somatic	 high confidence
106	12	48104653	novel	A	G	 100.0	 somatic	 high confidence
107	8	23294509	novel	T	C	 100.0	 somatic	 high confidence
108	6	131220647	novel	T	C	 100.0	 somatic	 high confidence
109	3	134851793	novel	C	T	 100.0	 somatic	 high confidence
110	2	26587778	novel	G	A	 100.0	 somatic	 high confidence
111	3	55733483	novel	G	A	 100.0	 somatic	 high confidence
112	16	23706242	novel	C	T	 100.0	 somatic	 high confidence
113	8	95690487	novel	G	A	 100.0	 somatic	 high confidence
114	1	157068577	novel	G	A	 100.0	 somatic	 high confidence
115	8	139149483	novel	C	T	 100.0	 somatic	 high confidence
116	3	122128665	novel	C	T	 100.0	 somatic	 high confidence
117	12	49993957	novel	C	T	 100.0	 somatic	 high confidence
118	10	124672354	novel	G	A	 100.0	 somatic	 high confidence
119	1	190129900	novel	C	T	 100.0	 somatic	 high confidence
120	14	45653008	novel	A	T	 100.0	 somatic	 high confidence
121	3	62355885	novel	G	A	 100.0	 somatic	 high confidence
122	6	36981534	novel	G	A	 100.0	 somatic	 high confidence
123	2	164466612	novel	C	T	 100.0	 somatic	 high confidence
124	13	49777377	novel	A	G	 100.0	 somatic	 high confidence
125	X	70316385	novel	C	G	 100.0	 somatic	 high confidence
126	4	79284771	novel	G	A	 100.0	 somatic	 high confidence
127	X	12734434	novel	A	C	 100.0	 somatic	 high confidence
128	1	100207805	novel	C	A	 100.0	 somatic	 high confidence
129	13	32691540	novel	T	C	 100.0	 somatic	 high confidence
130	6	111995735	novel	C	T	 100.0	 somatic	 high confidence
131	15	27128584	novel	G	A	 100.0	 somatic	 high confidence
132	5	160763657	novel	T	G	 100.0	 somatic	 high confidence
133	X	151123901	novel	G	A	 100.0	 somatic	 high confidence
134	3	16268973	novel	G	A	 100.0	 somatic	 high confidence
135	4	173734773	novel	A	C	 100.0	 somatic	 high confidence
136	11	62396762	novel	C	T	 100.0	 somatic	 high confidence
137	1	153790563	novel	G	A	 100.0	 somatic	 high confidence
138	7	56046064	novel	G	A	 100.0	 somatic	 high confidence
139	10	104019856	novel	T	G	 100.0	 somatic	 high confidence
140	20	42907701	novel	T	C	 100.0	 somatic	 high confidence
141	2	121742146	novel	G	A	 100.0	 somatic	 high confidence
142	1	167038173	novel	C	T	 100.0	 somatic	 high confidence
143	16	57714447	novel	A	T	 100.0	 somatic	 high confidence
144	X	101971055	novel	G	A	 100.0	 somatic	 high confidence
145	16	9934563	novel	G	A	 100.0	 somatic	 high confidence
146	19	42744142	novel	C	T	 100.0	 somatic	 high confidence
147	19	6387491	novel	C	T	 100.0	 somatic	 high confidence
148	X	108708430	novel	G	A	 100.0	 somatic	 high confidence
149	X	103267817	novel	C	T	 100.0	 somatic	 high confidence
150	12	48181929	novel	C	T	 100.0	 somatic	 high confidence
151	2	242187504	novel	G	A	 100.0	 somatic	 high confidence
152	1	236716900	novel	G	A	 100.0	 somatic	 high confidence
153	2	37302698	novel	C	T	 100.0	 somatic	 high confidence
154	9	100693490	novel	G	A	 100.0	 somatic	 high confidence
155	4	89591056	novel	T	C	 100.0	 somatic	 high confidence
156	10	102300446	novel	T	G	 100.0	 somatic	 high confidence
157	6	32782938	novel	G	A	 100.0	 somatic	 high confidence
158	X	53563202	novel	A	G	 100.0	 somatic	 high confidence
159	3	159998492	novel	C	T	 100.0	 somatic	 high confidence
160	14	23845043	novel	G	A	 100.0	 somatic	 high confidence
161	17	43923141	novel	G	T	 100.0	 somatic	 high confidence
162	3	52818447	novel	G	A	 100.0	 somatic	 high confidence
163	5	156608025	novel	A	G	 100.0	 somatic	 high confidence
164	1	65332611	novel	C	T	 100.0	 somatic	 high confidence
165	14	90650622	novel	C	T	 100.0	 somatic	 high confidence
166	17	26945882	novel	C	T	 100.0	 somatic	 high confidence
167	9	114184268	novel	G	A	 100.0	 somatic	 high confidence
168	12	105531721	novel	A	G	 100.0	 somatic	 high confidence
169	16	84520507	novel	G	T	 100.0	 somatic	 high confidence
170	5	154396894	novel	C	T	 100.0	 somatic	 high confidence
171	13	70281809	novel	G	A	 100.0	 somatic	 high confidence
172	2	170606039	novel	G	T	 100.0	 somatic	 high confidence
173	X	86880632	novel	G	T	 100.0	 somatic	 high confidence
174	4	88099711	novel	G	T	 100.0	 somatic	 high confidence
175	22	29533554	novel	G	A	 100.0	 somatic	 high confidence
176	X	153129362	novel	G	A	 100.0	 somatic	 high confidence
177	8	29963355	novel	G	A	 100.0	 somatic	 high confidence
178	9	27950347	novel	C	T	 100.0	 somatic	 high confidence
179	7	123301920	novel	G	A	 100.0	 somatic	 high confidence
180	4	54374387	novel	C	T	 100.0	 somatic	 high confidence
181	14	42356694	novel	T	G	 100.0	 somatic	 high confidence
182	2	170115593	novel	G	A	 100.0	 somatic	 high confidence
183	16	67405099	novel	C	T	 100.0	 somatic	 high confidence
184	4	52862092	novel	C	A	 100.0	 somatic	 high confidence
185	12	40689418	novel	T	C	 100.0	 somatic	 high confidence
186	7	110764096	novel	T	A	 100.0	 somatic	 high confidence
187	14	75019600	novel	C	T	 100.0	 somatic	 high confidence
188	1	23420333	novel	A	C	 100.0	 somatic	 high confidence
189	1	166987188	novel	C	T	 100.0	 somatic	 high confidence
190	17	67513689	novel	C	T	 100.0	 somatic	 high confidence
191	6	161532985	novel	C	T	 100.0	 somatic	 high confidence
192	3	186980338	novel	C	T	 100.0	 somatic	 high confidence
193	5	66427757	novel	C	T	 100.0	 somatic	 high confidence
194	4	88766851	novel	A	C	 100.0	 somatic	 high confidence
195	1	171759661	novel	C	T	 100.0	 somatic	 high confidence
196	3	37038114	novel	G	T	 100.0	 somatic	 high confidence
197	7	104719405	novel	G	A	 100.0	 somatic	 high confidence
198	13	49796331	novel	A	G	 100.0	 somatic	 high confidence
199	10	99225822	novel	G	A	 100.0	 somatic	 high confidence
200	11	75439155	novel	C	T	 100.0	 somatic	 high confidence
201	16	56700795	novel	G	A	 100.0	 somatic	 high confidence
202	6	151270242	novel	G	A	 100.0	 somatic	 high confidence
203	19	9088255	novel	G	C	 100.0	 somatic	 high confidence
204	6	30954670	novel	G	A	 100.0	 somatic	 high confidence
205	6	30955421	novel	C	T	 100.0	 somatic	 high confidence
206	14	23900139	novel	A	G	 100.0	 somatic	 high confidence
207	17	10307889	novel	A	C	 100.0	 somatic	 high confidence
208	16	31142107	novel	C	A	 100.0	 somatic	 high confidence
209	20	23358123	novel	C	T	 100.0	 somatic	 high confidence
210	19	50864955	novel	G	A	 100.0	 somatic	 high confidence
211	2	183817892	novel	T	C	 100.0	 somatic	 high confidence
212	20	50140605	novel	C	T	 100.0	 somatic	 high confidence
213	X	17745047	novel	G	A	 100.0	 somatic	 high confidence
214	5	156899705	novel	T	C	 100.0	 somatic	 high confidence
215	17	40174474	novel	G	A	 100.0	 somatic	 high confidence
216	9	33472349	novel	C	T	 100.0	 somatic	 high confidence
217	19	47535589	novel	C	A	 100.0	 somatic	 high confidence
218	6	86195018	novel	C	T	 100.0	 somatic	 high confidence
219	12	69135653	novel	C	T	 100.0	 somatic	 high confidence
220	7	135269736	novel	T	A	 100.0	 somatic	 high confidence
221	9	131246313	novel	C	T	 100.0	 somatic	 high confidence
222	X	123554201	novel	C	T	 100.0	 somatic	 high confidence
223	17	3030635	novel	C	A	 100.0	 somatic	 high confidence
224	11	5410837	novel	C	A	 100.0	 somatic	 high confidence
225	11	55681819	novel	C	A	 100.0	 somatic	 high confidence
226	1	158735815	novel	G	T	 100.0	 somatic	 high confidence
227	1	158746612	novel	G	A	 100.0	 somatic	 high confidence
228	3	31789546	novel	C	T	 100.0	 somatic	 high confidence
229	3	16336406	novel	T	C	 100.0	 somatic	 high confidence
230	22	43280556	novel	C	G	 100.0	 somatic	 high confidence
231	9	118949512	novel	C	A	 100.0	 somatic	 high confidence
232	1	176525693	novel	C	A	 100.0	 somatic	 high confidence
233	5	140188624	novel	G	A	 100.0	 somatic	 high confidence
234	5	140558615	novel	G	A	 100.0	 somatic	 high confidence
235	5	140710513	novel	C	T	 100.0	 somatic	 high confidence
236	13	113832595	novel	C	T	 100.0	 somatic	 high confidence
237	2	178936450	novel	A	G	 100.0	 somatic	 high confidence
238	10	95395365	novel	A	T	 100.0	 somatic	 high confidence
239	1	230492905	novel	G	A	 100.0	 somatic	 high confidence
240	4	129782983	novel	G	A	 100.0	 somatic	 high confidence
241	16	81942093	novel	G	A	 100.0	 somatic	 high confidence
242	8	38810831	novel	G	A	 100.0	 somatic	 high confidence
243	16	23695329	novel	C	A	 100.0	 somatic	 high confidence
244	3	145789117	novel	G	A	 100.0	 somatic	 high confidence
245	10	118321050	novel	G	T	 100.0	 somatic	 high confidence
246	3	119198925	novel	C	T	 100.0	 somatic	 high confidence
247	8	22106000	novel	G	A	 100.0	 somatic	 high confidence
248	11	70172859	novel	A	T	 100.0	 somatic	 high confidence
249	14	50074572	novel	G	A	 100.0	 somatic	 high confidence
250	17	58734197	novel	G	A	 100.0	 somatic	 high confidence
251	3	160786805	novel	C	T	 100.0	 somatic	 high confidence
252	19	8563904	novel	T	C	 100.0	 somatic	 high confidence
253	11	129784891	novel	C	T	 100.0	 somatic	 high confidence
254	X	49034779	novel	G	A	 100.0	 somatic	 high confidence
255	8	48701525	novel	G	A	 100.0	 somatic	 high confidence
256	4	87672194	novel	C	T	 100.0	 somatic	 high confidence
257	9	8733791	novel	G	A	 100.0	 somatic	 high confidence
258	8	52336137	novel	G	A	 100.0	 somatic	 high confidence
259	19	11446453	novel	C	T	 100.0	 somatic	 high confidence
260	1	229434789	novel	G	A	 100.0	 somatic	 high confidence
261	4	160235806	novel	G	A	 100.0	 somatic	 high confidence
262	14	73581010	novel	C	T	 100.0	 somatic	 high confidence
263	12	57345952	novel	A	C	 100.0	 somatic	 high confidence
264	2	85571799	novel	T	C	 100.0	 somatic	 high confidence
265	2	100021091	novel	A	G	 100.0	 somatic	 high confidence
266	3	49405932	novel	A	G	 100.0	 somatic	 high confidence
267	2	152320361	novel	C	T	 100.0	 somatic	 high confidence
268	12	130926735	novel	C	T	 100.0	 somatic	 high confidence
269	6	72960766	novel	C	T	 100.0	 somatic	 high confidence
270	6	3111145	novel	C	T	 100.0	 somatic	 high confidence
271	17	56434883	novel	C	T	 100.0	 somatic	 high confidence
272	13	26789541	novel	T	C	 100.0	 somatic	 high confidence
273	6	89638748	novel	C	T	 100.0	 somatic	 high confidence
274	9	115030439	novel	T	C	 100.0	 somatic	 high confidence
275	18	67866668	novel	A	G	 100.0	 somatic	 high confidence
276	19	39016093	novel	C	T	 100.0	 somatic	 high confidence
277	1	153598863	novel	C	T	 100.0	 somatic	 high confidence
278	14	55236926	novel	T	A	 100.0	 somatic	 high confidence
279	14	50298931	novel	A	G	 100.0	 somatic	 high confidence
280	22	30866052	novel	C	T	 100.0	 somatic	 high confidence
281	9	139358049	novel	C	T	 100.0	 somatic	 high confidence
282	3	150344914	novel	G	A	 100.0	 somatic	 high confidence
283	3	122631118	novel	G	A	 100.0	 somatic	 high confidence
284	7	55886855	novel	A	G	 100.0	 somatic	 high confidence
285	3	52966194	novel	C	T	 100.0	 somatic	 high confidence
286	1	67185045	novel	A	G	 100.0	 somatic	 high confidence
287	22	38039751	novel	A	G	 100.0	 somatic	 high confidence
288	3	72861878	novel	C	T	 100.0	 somatic	 high confidence
289	3	113321953	novel	A	G	 100.0	 somatic	 high confidence
290	17	6599208	novel	C	T	 100.0	 somatic	 high confidence
291	3	170727822	novel	A	C	 100.0	 somatic	 high confidence
292	4	42025372	novel	G	A	 100.0	 somatic	 high confidence
293	11	26725175	novel	T	G	 100.0	 somatic	 high confidence
294	4	20598058	novel	C	A	 100.0	 somatic	 high confidence
295	15	59179726	novel	C	T	 100.0	 somatic	 high confidence
296	X	128605243	novel	T	A	 100.0	 somatic	 high confidence
297	4	95199873	novel	T	A	 100.0	 somatic	 high confidence
298	2	88367492	novel	C	T	 100.0	 somatic	 high confidence
299	4	186263256	novel	C	T	 100.0	 somatic	 high confidence
300	1	99150450	novel	T	A	 100.0	 somatic	 high confidence
301	6	160106000	novel	C	T	 100.0	 somatic	 high confidence
302	11	16071467	novel	C	A	 100.0	 somatic	 high confidence
303	1	158641935	novel	G	A	 100.0	 somatic	 high confidence
304	12	46322511	novel	G	A	 100.0	 somatic	 high confidence
305	1	76877876	novel	G	A	 100.0	 somatic	 high confidence
306	19	39964755	novel	C	T	 100.0	 somatic	 high confidence
307	17	27014352	novel	G	A	 100.0	 somatic	 high confidence
308	1	85630376	novel	A	G	 100.0	 somatic	 high confidence
309	1	33160609	novel	T	C	 100.0	 somatic	 high confidence
310	7	122635198	novel	C	A	 100.0	 somatic	 high confidence
311	X	102529121	novel	G	A	 100.0	 somatic	 high confidence
312	5	145838849	novel	T	C	 100.0	 somatic	 high confidence
313	1	152082206	novel	G	A	 100.0	 somatic	 high confidence
314	8	30705146	novel	C	A	 100.0	 somatic	 high confidence
315	5	175387087	novel	G	A	 100.0	 somatic	 high confidence
316	12	27127011	novel	G	T	 100.0	 somatic	 high confidence
317	15	81631844	novel	A	G	 100.0	 somatic	 high confidence
318	12	51237626	novel	T	G	 100.0	 somatic	 high confidence
319	1	7995117	novel	G	A	 100.0	 somatic	 high confidence
320	17	7460431	novel	G	A	 100.0	 somatic	 high confidence
321	17	18205981	novel	C	T	 100.0	 somatic	 high confidence
322	5	180651682	novel	C	A	 100.0	 somatic	 high confidence
323	15	64689826	novel	G	A	 100.0	 somatic	 high confidence
324	20	5930927	novel	C	T	 100.0	 somatic	 high confidence
325	7	98563387	novel	A	G	 100.0	 somatic	 high confidence
326	14	81609889	novel	C	T	 100.0	 somatic	 high confidence
327	X	99891633	novel	A	G	 100.0	 somatic	 high confidence
328	2	179464576	novel	G	A	 100.0	 somatic	 high confidence
329	20	57599600	novel	C	T	 100.0	 somatic	 high confidence
330	4	68543398	novel	G	C	 100.0	 somatic	 high confidence
331	2	234676937	novel	G	A	 100.0	 somatic	 high confidence
332	5	176397750	novel	C	A	 100.0	 somatic	 high confidence
333	10	73046540	novel	G	A	 100.0	 somatic	 high confidence
334	4	120169912	novel	G	A	 100.0	 somatic	 high confidence
335	16	9017151	novel	T	G	 100.0	 somatic	 high confidence
336	7	65419202	novel	A	G	 100.0	 somatic	 high confidence
337	9	79934521	novel	G	A	 100.0	 somatic	 high confidence
338	7	38835207	novel	A	G	 100.0	 somatic	 high confidence
339	4	10080591	novel	C	T	 100.0	 somatic	 high confidence
340	5	110448831	novel	C	A	 100.0	 somatic	 high confidence
341	7	134891927	novel	G	A	 100.0	 somatic	 high confidence
342	1	27630237	novel	G	A	 100.0	 somatic	 high confidence
343	17	38434442	novel	C	A	 100.0	 somatic	 high confidence
344	X	2700137	novel	A	T	 100.0	 somatic	 high confidence
345	13	21396329	novel	C	A	 100.0	 somatic	 high confidence
346	16	17211766	novel	T	C	 100.0	 somatic	 high confidence
347	6	43481339	novel	A	T	 100.0	 somatic	 high confidence
348	14	75295972	novel	G	A	 100.0	 somatic	 high confidence
349	3	167051615	novel	C	A	 100.0	 somatic	 high confidence
350	X	119388771	novel	A	G	 100.0	 somatic	 high confidence
351	16	87446685	novel	C	T	 100.0	 somatic	 high confidence
352	1	27175122	novel	C	T	 100.0	 somatic	 high confidence
353	3	44975466	novel	G	A	 100.0	 somatic	 high confidence
354	2	145274871	novel	T	C	 100.0	 somatic	 high confidence
355	13	20656974	novel	G	T	 100.0	 somatic	 high confidence
356	20	45865224	novel	G	A	 100.0	 somatic	 high confidence
357	19	58452692	novel	T	C	 100.0	 somatic	 high confidence
358	8	145998821	novel	A	G	 100.0	 somatic	 high confidence
359	16	49660124	novel	C	A	 100.0	 somatic	 high confidence
360	19	21991478	novel	T	C	 100.0	 somatic	 high confidence
361	9	109687976	novel	G	A	 100.0	 somatic	 high confidence
362	19	20307896	novel	G	C	 100.0	 somatic	 high confidence
363	19	2917491	novel	A	G	 100.0	 somatic	 high confidence
364	19	58290959	novel	A	G	 100.0	 somatic	 high confidence
365	1	182026052	novel	G	A	 100.0	 somatic	 high confidence
366	16	30616047	novel	G	A	 100.0	 somatic	 high confidence
367	19	53911073	novel	G	T	 100.0	 somatic	 high confidence
368	19	23544907	novel	T	C	 100.0	 somatic	 high confidence
369	19	56701861	novel	C	T	 100.0	 somatic	 high confidence
