 	#CHROM	POS	DBSNP_ID	REF	ALT	QUAL	SOMATIC_GERMLINE_CLASSIFICATION	CONFIDENCE 	 TCGA-AA-A01X-01A-21W-A096-10	 hg19
0	2	215845310	novel	C	T	 100.0	 somatic	 high confidence
1	1	154574859	novel	G	A	 100.0	 somatic	 high confidence
2	17	40997947	novel	G	A	 100.0	 somatic	 high confidence
3	15	32921003	novel	G	C	 100.0	 somatic	 high confidence
4	3	112989693	novel	C	T	 100.0	 somatic	 high confidence
5	10	50530877	novel	C	T	 100.0	 somatic	 high confidence
6	17	29231133	novel	C	T	 100.0	 somatic	 high confidence
7	19	49900955	novel	G	A	 100.0	 somatic	 high confidence
8	8	95183098	novel	C	T	 100.0	 somatic	 high confidence
9	11	14490321	novel	C	T	 100.0	 somatic	 high confidence
10	X	88009032	novel	G	A	 100.0	 somatic	 high confidence
11	8	1575018	novel	G	A	 100.0	 somatic	 high confidence
12	4	88537413	novel	A	G	 100.0	 somatic	 high confidence
13	4	126372145	novel	G	A	 100.0	 somatic	 high confidence
14	17	7345133	novel	A	T	 100.0	 somatic	 high confidence
15	5	169535277	novel	C	T	 100.0	 somatic	 high confidence
16	12	56096855	novel	C	T	 100.0	 somatic	 high confidence
17	21	35254658	novel	G	A	 100.0	 somatic	 high confidence
18	1	111216188	novel	G	A	 100.0	 somatic	 high confidence
19	14	63175035	novel	G	A	 100.0	 somatic	 high confidence
20	12	25398284	novel	C	A	 100.0	 somatic	 high confidence
21	14	50735993	novel	C	T	 100.0	 somatic	 high confidence
22	9	133954657	novel	C	T	 100.0	 somatic	 high confidence
23	9	129458674	novel	G	A	 100.0	 somatic	 high confidence
24	11	102401427	novel	C	T	 100.0	 somatic	 high confidence
25	9	13219695	novel	G	T	 100.0	 somatic	 high confidence
26	1	247752053	novel	G	A	 100.0	 somatic	 high confidence
27	11	6023919	novel	G	A	 100.0	 somatic	 high confidence
28	1	158687491	novel	G	A	 100.0	 somatic	 high confidence
29	11	118514642	novel	G	A	 100.0	 somatic	 high confidence
30	11	68305208	novel	G	T	 100.0	 somatic	 high confidence
31	19	43259170	novel	G	A	 100.0	 somatic	 high confidence
32	20	48124486	novel	C	T	 100.0	 somatic	 high confidence
33	2	209357999	novel	A	G	 100.0	 somatic	 high confidence
34	20	45188677	novel	G	A	 100.0	 somatic	 high confidence
35	8	51617199	novel	G	A	 100.0	 somatic	 high confidence
36	1	154515221	novel	G	A	 100.0	 somatic	 high confidence
37	11	121038848	novel	C	T	 100.0	 somatic	 high confidence
38	8	30705183	novel	C	T	 100.0	 somatic	 high confidence
39	21	45502758	novel	G	T	 100.0	 somatic	 high confidence
40	17	73805871	novel	C	A	 100.0	 somatic	 high confidence
41	12	101731909	novel	C	T	 100.0	 somatic	 high confidence
42	7	70880967	novel	C	T	 100.0	 somatic	 high confidence
43	19	19822926	novel	C	A	 100.0	 somatic	 high confidence
