 	#CHROM	POS	DBSNP_ID	REF	ALT	QUAL	SOMATIC_GERMLINE_CLASSIFICATION	CONFIDENCE 	 TCGA-AA-A02H-01A-01W-A00E-09	 hg19
0	20	49508798	novel	T	C	 100.0	 somatic	 high confidence
1	11	62300587	novel	C	A	 100.0	 somatic	 high confidence
2	7	2740162	novel	C	T	 100.0	 somatic	 high confidence
3	4	114158192	novel	C	A	 100.0	 somatic	 high confidence
4	2	144381831	novel	C	T	 100.0	 somatic	 high confidence
5	1	176926894	novel	C	T	 100.0	 somatic	 high confidence
6	6	36181666	novel	A	G	 100.0	 somatic	 high confidence
7	1	233091315	novel	C	A	 100.0	 somatic	 high confidence
8	2	220037588	novel	G	A	 100.0	 somatic	 high confidence
9	5	39311419	novel	G	A	 100.0	 somatic	 high confidence
10	7	81799925	novel	G	A	 100.0	 somatic	 high confidence
11	4	114473239	novel	C	G	 100.0	 somatic	 high confidence
12	10	73558900	novel	G	A	 100.0	 somatic	 high confidence
13	7	90546961	novel	C	T	 100.0	 somatic	 high confidence
14	4	68358653	novel	C	A	 100.0	 somatic	 high confidence
15	3	3084063	novel	C	T	 100.0	 somatic	 high confidence
16	1	32154078	novel	T	C	 100.0	 somatic	 high confidence
17	2	208994233	novel	C	T	 100.0	 somatic	 high confidence
18	11	64083221	novel	G	C	 100.0	 somatic	 high confidence
19	16	4882006	novel	G	C	 100.0	 somatic	 high confidence
20	5	153030051	novel	C	T	 100.0	 somatic	 high confidence
21	5	82937409	novel	C	T	 100.0	 somatic	 high confidence
22	7	75182849	novel	A	G	 100.0	 somatic	 high confidence
23	6	26235082	novel	G	A	 100.0	 somatic	 high confidence
24	7	155094498	novel	C	T	 100.0	 somatic	 high confidence
25	3	37560793	novel	C	T	 100.0	 somatic	 high confidence
26	11	101793458	novel	G	A	 100.0	 somatic	 high confidence
27	3	183368842	novel	T	A	 100.0	 somatic	 high confidence
28	6	149983289	novel	C	T	 100.0	 somatic	 high confidence
29	2	141202169	novel	C	A	 100.0	 somatic	 high confidence
30	12	85492697	novel	A	T	 100.0	 somatic	 high confidence
31	X	151900718	novel	G	A	 100.0	 somatic	 high confidence
32	X	30237091	novel	G	A	 100.0	 somatic	 high confidence
33	4	128842824	novel	G	A	 100.0	 somatic	 high confidence
34	10	50944453	novel	G	A	 100.0	 somatic	 high confidence
35	11	48328664	novel	G	T	 100.0	 somatic	 high confidence
36	11	59189472	novel	T	C	 100.0	 somatic	 high confidence
37	6	49754587	novel	T	A	 100.0	 somatic	 high confidence
38	4	87671782	novel	G	T	 100.0	 somatic	 high confidence
39	21	45542075	novel	C	T	 100.0	 somatic	 high confidence
40	7	140107584	novel	G	C	 100.0	 somatic	 high confidence
41	4	154649420	novel	C	T	 100.0	 somatic	 high confidence
42	7	92732647	novel	C	T	 100.0	 somatic	 high confidence
43	8	27737203	novel	G	A	 100.0	 somatic	 high confidence
44	11	62762134	novel	C	T	 100.0	 somatic	 high confidence
45	12	21457448	rs11568564	G	A	 100.0	 somatic	 high confidence
46	5	122163297	novel	G	A	 100.0	 somatic	 high confidence
47	1	153066212	novel	G	T	 100.0	 somatic	 high confidence
48	17	7579349	novel	A	C	 100.0	 somatic	 high confidence
49	2	179444528	novel	A	C	 100.0	 somatic	 high confidence
50	7	66463094	novel	C	T	 100.0	 somatic	 high confidence
51	13	96601605	novel	C	T	 100.0	 somatic	 high confidence
52	1	216144116	novel	C	A	 100.0	 somatic	 high confidence
53	12	65514270	novel	T	A	 100.0	 somatic	 high confidence
54	8	77768194	novel	G	A	 100.0	 somatic	 high confidence
