 	#CHROM	POS	DBSNP_ID	REF	ALT	QUAL	SOMATIC_GERMLINE_CLASSIFICATION	CONFIDENCE 	 TCGA-AA-A00R-01A-01W-A005-10	 hg19
0	17	66987079	novel	C	C	 100.0	 somatic	 high confidence
1	7	87038679	novel	A	A	 100.0	 somatic	 high confidence
2	17	48745344	novel	C	C	 100.0	 somatic	 high confidence
3	14	23530642	novel	G	G	 100.0	 somatic	 high confidence
4	4	175897313	novel	C	C	 100.0	 somatic	 high confidence
5	5	33596123	novel	C	C	 100.0	 somatic	 high confidence
6	4	73205264	novel	G	G	 100.0	 somatic	 high confidence
7	3	64619430	novel	T	T	 100.0	 somatic	 high confidence
8	16	50348254	novel	G	G	 100.0	 somatic	 high confidence
9	11	62284496	novel	G	G	 100.0	 somatic	 high confidence
10	13	42874395	novel	C	C	 100.0	 somatic	 high confidence
11	15	86122438	novel	G	G	 100.0	 somatic	 high confidence
12	10	5045982	novel	T	T	 100.0	 somatic	 high confidence
13	X	112024258	novel	C	C	 100.0	 somatic	 high confidence
14	14	77270146	novel	C	C	 100.0	 somatic	 high confidence
15	15	90335480	novel	C	C	 100.0	 somatic	 high confidence
16	11	6425007	novel	G	G	 100.0	 somatic	 high confidence
17	11	130013269	novel	C	C	 100.0	 somatic	 high confidence
18	5	142586942	novel	A	A	 100.0	 somatic	 high confidence
19	1	161023120	novel	G	G	 100.0	 somatic	 high confidence
20	13	111953184	novel	A	A	 100.0	 somatic	 high confidence
21	12	27521311	novel	C	C	 100.0	 somatic	 high confidence
22	15	101169728	novel	A	A	 100.0	 somatic	 high confidence
23	1	177001978	novel	A	A	 100.0	 somatic	 high confidence
24	X	138813896	novel	T	T	 100.0	 somatic	 high confidence
25	19	42486196	novel	C	C	 100.0	 somatic	 high confidence
26	12	110734528	novel	T	T	 100.0	 somatic	 high confidence
27	15	73020282	novel	T	T	 100.0	 somatic	 high confidence
28	20	52645359	novel	G	G	 100.0	 somatic	 high confidence
29	10	43326480	novel	A	A	 100.0	 somatic	 high confidence
30	4	13601673	novel	G	G	 100.0	 somatic	 high confidence
31	12	112093423	novel	G	G	 100.0	 somatic	 high confidence
32	12	4645267	novel	G	G	 100.0	 somatic	 high confidence
33	13	103338488	novel	C	C	 100.0	 somatic	 high confidence
34	14	31917340	novel	A	A	 100.0	 somatic	 high confidence
35	1	36786276	novel	C	C	 100.0	 somatic	 high confidence
36	1	55272739	novel	C	C	 100.0	 somatic	 high confidence
37	3	43122062	novel	A	A	 100.0	 somatic	 high confidence
38	6	32337730	novel	A	A	 100.0	 somatic	 high confidence
39	8	69699762	novel	C	C	 100.0	 somatic	 high confidence
40	X	49087333	novel	T	T	 100.0	 somatic	 high confidence
41	2	27464223	novel	C	C	 100.0	 somatic	 high confidence
42	5	179147487	novel	C	C	 100.0	 somatic	 high confidence
43	7	2974209	novel	T	T	 100.0	 somatic	 high confidence
44	2	202131331	novel	C	C	 100.0	 somatic	 high confidence
45	5	68595874	novel	C	C	 100.0	 somatic	 high confidence
46	2	159035417	novel	G	G	 100.0	 somatic	 high confidence
47	17	8647864	novel	G	G	 100.0	 somatic	 high confidence
48	5	86708551	novel	T	T	 100.0	 somatic	 high confidence
49	5	66479308	novel	A	A	 100.0	 somatic	 high confidence
50	1	43825929	novel	C	C	 100.0	 somatic	 high confidence
51	2	37873390	novel	C	C	 100.0	 somatic	 high confidence
52	5	21975425	novel	C	C	 100.0	 somatic	 high confidence
53	16	61689413	novel	C	C	 100.0	 somatic	 high confidence
54	1	214830702	novel	C	C	 100.0	 somatic	 high confidence
55	16	57003551	novel	G	G	 100.0	 somatic	 high confidence
56	16	57007363	novel	G	G	 100.0	 somatic	 high confidence
57	11	62677284	novel	C	C	 100.0	 somatic	 high confidence
58	15	78403538	novel	A	A	 100.0	 somatic	 high confidence
59	1	109484066	novel	C	C	 100.0	 somatic	 high confidence
60	9	36199033	novel	T	T	 100.0	 somatic	 high confidence
61	1	224804931	novel	G	G	 100.0	 somatic	 high confidence
62	3	1337440	novel	C	C	 100.0	 somatic	 high confidence
63	17	40845501	novel	A	A	 100.0	 somatic	 high confidence
64	2	189857629	novel	C	C	 100.0	 somatic	 high confidence
65	2	62228014	novel	G	G	 100.0	 somatic	 high confidence
66	6	36759847	novel	G	G	 100.0	 somatic	 high confidence
67	17	37650932	novel	T	T	 100.0	 somatic	 high confidence
68	1	34080170	novel	C	C	 100.0	 somatic	 high confidence
69	17	80210963	novel	A	A	 100.0	 somatic	 high confidence
70	12	51467782	novel	G	G	 100.0	 somatic	 high confidence
71	10	53457715	novel	C	C	 100.0	 somatic	 high confidence
72	X	16855758	novel	A	A	 100.0	 somatic	 high confidence
73	19	15806837	novel	A	A	 100.0	 somatic	 high confidence
74	2	158272275	novel	T	T	 100.0	 somatic	 high confidence
75	17	20109083	novel	C	C	 100.0	 somatic	 high confidence
76	X	85403878	novel	G	G	 100.0	 somatic	 high confidence
77	4	155254352	novel	G	G	 100.0	 somatic	 high confidence
78	11	126213236	novel	G	G	 100.0	 somatic	 high confidence
79	1	155003662	novel	C	C	 100.0	 somatic	 high confidence
80	2	15763662	novel	T	T	 100.0	 somatic	 high confidence
81	12	49231785	novel	T	T	 100.0	 somatic	 high confidence
82	9	118162670	novel	C	C	 100.0	 somatic	 high confidence
83	5	59934715	novel	G	G	 100.0	 somatic	 high confidence
84	2	234346101	novel	G	G	 100.0	 somatic	 high confidence
85	10	12160774	novel	G	G	 100.0	 somatic	 high confidence
86	17	7699970	novel	G	G	 100.0	 somatic	 high confidence
87	17	11809112	novel	A	A	 100.0	 somatic	 high confidence
88	3	186288750	novel	G	G	 100.0	 somatic	 high confidence
89	10	98064310	novel	C	C	 100.0	 somatic	 high confidence
90	18	28586945	novel	C	C	 100.0	 somatic	 high confidence
91	2	233546386	novel	G	G	 100.0	 somatic	 high confidence
92	7	55224280	novel	C	C	 100.0	 somatic	 high confidence
93	10	120810158	novel	A	A	 100.0	 somatic	 high confidence
94	19	46116911	novel	G	G	 100.0	 somatic	 high confidence
95	22	41564829	novel	A	A	 100.0	 somatic	 high confidence
96	12	56478854	novel	G	G	 100.0	 somatic	 high confidence
97	21	39775628	novel	G	G	 100.0	 somatic	 high confidence
98	8	28575255	novel	C	C	 100.0	 somatic	 high confidence
99	5	93388915	novel	C	C	 100.0	 somatic	 high confidence
100	6	136560934	novel	C	C	 100.0	 somatic	 high confidence
101	10	5965614	novel	A	A	 100.0	 somatic	 high confidence
102	3	121345749	novel	G	G	 100.0	 somatic	 high confidence
103	4	155507826	novel	G	G	 100.0	 somatic	 high confidence
104	1	152280032	novel	T	T	 100.0	 somatic	 high confidence
105	5	131008603	novel	C	C	 100.0	 somatic	 high confidence
106	19	52327899	novel	A	A	 100.0	 somatic	 high confidence
107	19	35660478	novel	G	G	 100.0	 somatic	 high confidence
108	8	104336822	novel	G	G	 100.0	 somatic	 high confidence
109	X	153928305	novel	G	G	 100.0	 somatic	 high confidence
110	2	155295198	novel	A	A	 100.0	 somatic	 high confidence
111	1	153785767	novel	G	G	 100.0	 somatic	 high confidence
112	19	3157856	novel	C	C	 100.0	 somatic	 high confidence
113	19	33602645	novel	G	G	 100.0	 somatic	 high confidence
114	5	153078521	novel	C	C	 100.0	 somatic	 high confidence
115	4	158281123	novel	A	A	 100.0	 somatic	 high confidence
116	9	104433234	novel	C	C	 100.0	 somatic	 high confidence
117	7	819635	novel	C	C	 100.0	 somatic	 high confidence
118	11	119003374	novel	A	A	 100.0	 somatic	 high confidence
119	19	55773989	novel	C	C	 100.0	 somatic	 high confidence
120	3	129238001	novel	A	A	 100.0	 somatic	 high confidence
121	21	41137773	novel	G	G	 100.0	 somatic	 high confidence
122	17	37947749	novel	T	T	 100.0	 somatic	 high confidence
123	1	207014413	novel	A	A	 100.0	 somatic	 high confidence
124	16	3117408	novel	G	G	 100.0	 somatic	 high confidence
125	5	135228169	novel	T	T	 100.0	 somatic	 high confidence
126	4	106604196	novel	T	T	 100.0	 somatic	 high confidence
127	3	49775750	novel	C	C	 100.0	 somatic	 high confidence
128	15	91026618	novel	G	G	 100.0	 somatic	 high confidence
129	1	156509304	novel	A	A	 100.0	 somatic	 high confidence
130	X	107975822	novel	G	G	 100.0	 somatic	 high confidence
131	12	54792481	novel	C	C	 100.0	 somatic	 high confidence
132	6	33638205	novel	G	G	 100.0	 somatic	 high confidence
133	6	15520308	novel	T	T	 100.0	 somatic	 high confidence
134	3	19295253	novel	C	C	 100.0	 somatic	 high confidence
135	10	103587144	novel	A	A	 100.0	 somatic	 high confidence
136	1	23382469	novel	G	G	 100.0	 somatic	 high confidence
137	2	86684135	novel	C	C	 100.0	 somatic	 high confidence
138	1	19561645	novel	C	C	 100.0	 somatic	 high confidence
139	9	5765498	novel	C	C	 100.0	 somatic	 high confidence
140	19	55294941	novel	C	C	 100.0	 somatic	 high confidence
141	19	55325333	novel	G	G	 100.0	 somatic	 high confidence
142	21	31812658	novel	T	T	 100.0	 somatic	 high confidence
143	21	31869181	novel	T	T	 100.0	 somatic	 high confidence
144	6	112462050	novel	T	T	 100.0	 somatic	 high confidence
145	1	66101977	novel	C	C	 100.0	 somatic	 high confidence
146	4	1818530	novel	T	T	 100.0	 somatic	 high confidence
147	19	54849273	novel	C	C	 100.0	 somatic	 high confidence
148	13	28122587	novel	G	G	 100.0	 somatic	 high confidence
149	19	14294372	novel	C	C	 100.0	 somatic	 high confidence
150	8	19809369	novel	G	G	 100.0	 somatic	 high confidence
151	4	155665641	novel	C	C	 100.0	 somatic	 high confidence
152	1	53729868	novel	C	C	 100.0	 somatic	 high confidence
153	17	48469823	novel	G	G	 100.0	 somatic	 high confidence
154	7	110764291	novel	C	C	 100.0	 somatic	 high confidence
155	1	39801259	novel	A	A	 100.0	 somatic	 high confidence
156	X	30269583	novel	C	C	 100.0	 somatic	 high confidence
157	X	149638162	novel	C	C	 100.0	 somatic	 high confidence
158	X	43572004	novel	T	T	 100.0	 somatic	 high confidence
159	17	60879011	novel	T	T	 100.0	 somatic	 high confidence
160	12	116429227	novel	G	G	 100.0	 somatic	 high confidence
161	14	23313925	novel	G	G	 100.0	 somatic	 high confidence
162	14	61262972	novel	G	G	 100.0	 somatic	 high confidence
163	18	33831198	novel	A	A	 100.0	 somatic	 high confidence
164	22	31345789	novel	T	T	 100.0	 somatic	 high confidence
165	11	118133281	novel	C	C	 100.0	 somatic	 high confidence
166	17	60743497	novel	C	C	 100.0	 somatic	 high confidence
167	13	41814474	novel	C	C	 100.0	 somatic	 high confidence
168	8	125565783	novel	A	A	 100.0	 somatic	 high confidence
169	3	195479275	novel	T	T	 100.0	 somatic	 high confidence
170	16	29848187	novel	A	A	 100.0	 somatic	 high confidence
171	16	15841526	novel	C	C	 100.0	 somatic	 high confidence
172	6	76596598	novel	C	C	 100.0	 somatic	 high confidence
173	2	15567883	novel	T	T	 100.0	 somatic	 high confidence
174	2	183818006	novel	G	G	 100.0	 somatic	 high confidence
175	11	114183143	novel	G	G	 100.0	 somatic	 high confidence
176	4	73012910	novel	T	T	 100.0	 somatic	 high confidence
177	11	47282948	novel	C	C	 100.0	 somatic	 high confidence
178	9	131733046	novel	T	T	 100.0	 somatic	 high confidence
179	9	131748882	novel	A	A	 100.0	 somatic	 high confidence
180	9	134006180	novel	T	T	 100.0	 somatic	 high confidence
181	10	50958940	novel	T	T	 100.0	 somatic	 high confidence
182	11	58034613	novel	G	G	 100.0	 somatic	 high confidence
183	9	125239536	novel	T	T	 100.0	 somatic	 high confidence
184	11	58207485	novel	A	A	 100.0	 somatic	 high confidence
185	11	124294011	novel	A	A	 100.0	 somatic	 high confidence
186	12	3921504	novel	G	G	 100.0	 somatic	 high confidence
187	11	31812281	novel	C	C	 100.0	 somatic	 high confidence
188	X	47083885	novel	C	C	 100.0	 somatic	 high confidence
189	10	105184969	novel	G	G	 100.0	 somatic	 high confidence
190	5	149247666	novel	G	G	 100.0	 somatic	 high confidence
191	4	651213	novel	G	G	 100.0	 somatic	 high confidence
192	16	71689261	novel	G	G	 100.0	 somatic	 high confidence
193	2	28789703	novel	G	G	 100.0	 somatic	 high confidence
194	20	8745968	novel	G	G	 100.0	 somatic	 high confidence
195	16	23692355	novel	A	A	 100.0	 somatic	 high confidence
196	6	30572487	novel	C	C	 100.0	 somatic	 high confidence
197	5	64878979	novel	C	C	 100.0	 somatic	 high confidence
198	12	108128021	novel	T	T	 100.0	 somatic	 high confidence
199	19	54407971	rs41275818	G	G	 100.0	 somatic	 high confidence
200	12	53837540	novel	T	T	 100.0	 somatic	 high confidence
201	10	73591662	novel	C	C	 100.0	 somatic	 high confidence
202	17	61908464	novel	G	G	 100.0	 somatic	 high confidence
203	9	98244256	novel	A	A	 100.0	 somatic	 high confidence
204	12	15654580	novel	G	G	 100.0	 somatic	 high confidence
205	7	105098353	novel	T	T	 100.0	 somatic	 high confidence
206	21	45545959	novel	A	A	 100.0	 somatic	 high confidence
207	2	109381259	novel	A	A	 100.0	 somatic	 high confidence
208	1	183857698	novel	G	G	 100.0	 somatic	 high confidence
209	9	116346190	novel	C	C	 100.0	 somatic	 high confidence
210	8	22862973	novel	G	G	 100.0	 somatic	 high confidence
211	2	86832099	novel	G	G	 100.0	 somatic	 high confidence
212	15	59350567	novel	T	T	 100.0	 somatic	 high confidence
213	17	29315123	novel	G	G	 100.0	 somatic	 high confidence
214	6	18457497	novel	G	G	 100.0	 somatic	 high confidence
215	6	125397989	novel	C	C	 100.0	 somatic	 high confidence
216	16	57265222	novel	T	T	 100.0	 somatic	 high confidence
217	2	55254061	novel	G	G	 100.0	 somatic	 high confidence
218	13	23932552	novel	C	C	 100.0	 somatic	 high confidence
219	14	31185146	novel	G	G	 100.0	 somatic	 high confidence
220	2	166165268	novel	C	C	 100.0	 somatic	 high confidence
221	4	141302166	novel	T	T	 100.0	 somatic	 high confidence
222	6	35200998	novel	C	C	 100.0	 somatic	 high confidence
223	6	108234626	novel	G	G	 100.0	 somatic	 high confidence
224	7	82997078	novel	C	C	 100.0	 somatic	 high confidence
225	8	41122966	novel	T	T	 100.0	 somatic	 high confidence
226	2	223423406	novel	T	T	 100.0	 somatic	 high confidence
227	16	48395627	novel	G	G	 100.0	 somatic	 high confidence
228	11	117060713	novel	C	C	 100.0	 somatic	 high confidence
229	11	117062651	novel	G	G	 100.0	 somatic	 high confidence
230	6	25924123	novel	A	A	 100.0	 somatic	 high confidence
231	6	110746228	novel	G	G	 100.0	 somatic	 high confidence
232	17	4841169	novel	C	C	 100.0	 somatic	 high confidence
233	12	58016590	novel	C	C	 100.0	 somatic	 high confidence
234	8	142231819	novel	A	A	 100.0	 somatic	 high confidence
235	15	92690230	novel	C	C	 100.0	 somatic	 high confidence
236	4	95173907	novel	C	C	 100.0	 somatic	 high confidence
237	X	53440066	novel	T	T	 100.0	 somatic	 high confidence
238	4	186260600	novel	T	T	 100.0	 somatic	 high confidence
239	18	67992415	novel	G	G	 100.0	 somatic	 high confidence
240	7	123594537	novel	C	C	 100.0	 somatic	 high confidence
241	2	54753560	novel	C	C	 100.0	 somatic	 high confidence
242	20	36028676	novel	G	G	 100.0	 somatic	 high confidence
243	1	1500252	novel	A	A	 100.0	 somatic	 high confidence
244	8	53044591	novel	C	C	 100.0	 somatic	 high confidence
245	3	98491686	novel	C	C	 100.0	 somatic	 high confidence
246	17	74623595	novel	A	A	 100.0	 somatic	 high confidence
247	12	56744927	novel	C	C	 100.0	 somatic	 high confidence
248	1	47717356	novel	C	C	 100.0	 somatic	 high confidence
249	9	114904601	novel	T	T	 100.0	 somatic	 high confidence
250	11	9770699	novel	T	T	 100.0	 somatic	 high confidence
251	11	85456815	novel	G	G	 100.0	 somatic	 high confidence
252	16	71610174	novel	C	C	 100.0	 somatic	 high confidence
253	15	57524546	novel	G	G	 100.0	 somatic	 high confidence
254	6	46658677	novel	G	G	 100.0	 somatic	 high confidence
255	16	75690391	novel	T	T	 100.0	 somatic	 high confidence
256	9	101911534	novel	C	C	 100.0	 somatic	 high confidence
257	X	153539470	novel	C	C	 100.0	 somatic	 high confidence
258	10	98155001	novel	T	T	 100.0	 somatic	 high confidence
259	13	100196154	novel	A	A	 100.0	 somatic	 high confidence
260	9	75435836	novel	G	G	 100.0	 somatic	 high confidence
261	12	129569153	novel	C	C	 100.0	 somatic	 high confidence
262	3	12779235	novel	T	T	 100.0	 somatic	 high confidence
263	12	29911676	novel	G	G	 100.0	 somatic	 high confidence
264	1	74832996	novel	C	C	 100.0	 somatic	 high confidence
265	14	21955761	novel	A	A	 100.0	 somatic	 high confidence
266	6	30166679	novel	C	C	 100.0	 somatic	 high confidence
267	15	64701942	novel	T	T	 100.0	 somatic	 high confidence
268	1	40313724	novel	G	G	 100.0	 somatic	 high confidence
269	3	46759004	novel	G	G	 100.0	 somatic	 high confidence
270	11	43471697	novel	G	G	 100.0	 somatic	 high confidence
271	2	178481446	novel	C	C	 100.0	 somatic	 high confidence
272	5	94872781	novel	A	A	 100.0	 somatic	 high confidence
273	2	179669350	novel	G	G	 100.0	 somatic	 high confidence
274	10	135103444	novel	C	C	 100.0	 somatic	 high confidence
275	16	20355392	novel	G	G	 100.0	 somatic	 high confidence
276	1	216348629	novel	G	G	 100.0	 somatic	 high confidence
277	12	6970156	novel	C	C	 100.0	 somatic	 high confidence
278	10	17277213	novel	G	G	 100.0	 somatic	 high confidence
279	7	158896453	novel	T	T	 100.0	 somatic	 high confidence
280	6	133077014	novel	T	T	 100.0	 somatic	 high confidence
281	17	40925794	novel	T	T	 100.0	 somatic	 high confidence
282	13	52991254	novel	C	C	 100.0	 somatic	 high confidence
283	15	54006632	novel	T	T	 100.0	 somatic	 high confidence
284	8	104439448	novel	A	A	 100.0	 somatic	 high confidence
285	6	2770357	novel	A	A	 100.0	 somatic	 high confidence
286	12	64825505	novel	T	T	 100.0	 somatic	 high confidence
287	20	56188368	novel	G	G	 100.0	 somatic	 high confidence
288	13	46542110	novel	G	G	 100.0	 somatic	 high confidence
289	13	46559723	novel	G	G	 100.0	 somatic	 high confidence
290	8	123965245	novel	G	G	 100.0	 somatic	 high confidence
291	6	28331522	novel	G	G	 100.0	 somatic	 high confidence
292	3	124953099	novel	T	T	 100.0	 somatic	 high confidence
293	19	9643551	novel	A	A	 100.0	 somatic	 high confidence
294	7	99227507	novel	G	G	 100.0	 somatic	 high confidence
295	4	146744600	novel	A	A	 100.0	 somatic	 high confidence
