 	#CHROM	POS	DBSNP_ID	REF	ALT	QUAL	SOMATIC_GERMLINE_CLASSIFICATION	CONFIDENCE 	 TCGA-AA-A01T-01A-21W-A096-10	 hg19
0	9	18684799	novel	G	C	 100.0	 somatic	 high confidence
1	4	114280447	novel	A	T	 100.0	 somatic	 high confidence
2	12	52282866	novel	G	A	 100.0	 somatic	 high confidence
3	5	112174631	novel	C	T	 100.0	 somatic	 high confidence
4	1	92430238	novel	T	G	 100.0	 somatic	 high confidence
5	10	50532509	novel	G	A	 100.0	 somatic	 high confidence
6	11	108276210	novel	C	T	 100.0	 somatic	 high confidence
7	1	57399156	novel	C	A	 100.0	 somatic	 high confidence
8	4	122741871	novel	G	C	 100.0	 somatic	 high confidence
9	3	138219389	novel	A	T	 100.0	 somatic	 high confidence
10	9	80866877	novel	G	A	 100.0	 somatic	 high confidence
11	2	101010093	novel	G	A	 100.0	 somatic	 high confidence
12	X	88008648	novel	A	T	 100.0	 somatic	 high confidence
13	3	38022264	novel	C	T	 100.0	 somatic	 high confidence
14	X	32381047	novel	C	T	 100.0	 somatic	 high confidence
15	9	34993435	novel	G	A	 100.0	 somatic	 high confidence
16	1	171890938	novel	T	G	 100.0	 somatic	 high confidence
17	2	207570550	novel	A	G	 100.0	 somatic	 high confidence
18	5	7867378	novel	G	C	 100.0	 somatic	 high confidence
19	15	76225330	novel	C	T	 100.0	 somatic	 high confidence
20	3	58133989	novel	G	T	 100.0	 somatic	 high confidence
21	13	39454540	novel	G	T	 100.0	 somatic	 high confidence
22	3	69351555	novel	G	A	 100.0	 somatic	 high confidence
23	15	73635946	novel	G	A	 100.0	 somatic	 high confidence
24	5	147830828	novel	C	T	 100.0	 somatic	 high confidence
25	8	42174366	novel	G	T	 100.0	 somatic	 high confidence
26	16	3119162	novel	G	A	 100.0	 somatic	 high confidence
27	16	55361233	novel	C	T	 100.0	 somatic	 high confidence
28	20	10620429	novel	G	T	 100.0	 somatic	 high confidence
29	20	42788606	novel	T	G	 100.0	 somatic	 high confidence
30	X	8538695	novel	C	T	 100.0	 somatic	 high confidence
31	9	2717857	novel	C	T	 100.0	 somatic	 high confidence
32	16	27689071	novel	C	T	 100.0	 somatic	 high confidence
33	2	170002343	novel	C	T	 100.0	 somatic	 high confidence
34	X	140985314	novel	A	T	 100.0	 somatic	 high confidence
35	19	45774884	novel	C	T	 100.0	 somatic	 high confidence
36	21	37717265	novel	G	A	 100.0	 somatic	 high confidence
37	11	60150732	novel	G	A	 100.0	 somatic	 high confidence
38	19	50794219	novel	G	A	 100.0	 somatic	 high confidence
39	17	10441055	novel	T	G	 100.0	 somatic	 high confidence
40	12	57423263	novel	C	T	 100.0	 somatic	 high confidence
41	2	71302769	novel	G	A	 100.0	 somatic	 high confidence
42	16	69373742	novel	T	G	 100.0	 somatic	 high confidence
43	1	153657471	novel	G	T	 100.0	 somatic	 high confidence
44	11	55419161	novel	C	T	 100.0	 somatic	 high confidence
45	5	140181080	novel	G	A	 100.0	 somatic	 high confidence
46	5	140215967	novel	G	T	 100.0	 somatic	 high confidence
47	5	140553366	novel	T	C	 100.0	 somatic	 high confidence
48	7	82579559	novel	C	T	 100.0	 somatic	 high confidence
49	5	139221938	novel	G	A	 100.0	 somatic	 high confidence
50	2	20512167	novel	G	A	 100.0	 somatic	 high confidence
51	21	36231783	novel	G	C	 100.0	 somatic	 high confidence
52	5	156186373	novel	G	T	 100.0	 somatic	 high confidence
53	6	110768160	novel	G	T	 100.0	 somatic	 high confidence
54	12	40265611	novel	C	T	 100.0	 somatic	 high confidence
55	16	87866620	novel	C	T	 100.0	 somatic	 high confidence
56	1	173569288	novel	C	T	 100.0	 somatic	 high confidence
57	1	227935621	novel	C	T	 100.0	 somatic	 high confidence
58	7	17915406	novel	C	A	 100.0	 somatic	 high confidence
59	11	66461711	novel	C	T	 100.0	 somatic	 high confidence
60	12	104126874	novel	G	T	 100.0	 somatic	 high confidence
61	1	168282170	novel	C	T	 100.0	 somatic	 high confidence
62	10	114920448	novel	C	A	 100.0	 somatic	 high confidence
63	12	129822265	novel	A	G	 100.0	 somatic	 high confidence
64	22	40661744	novel	T	C	 100.0	 somatic	 high confidence
65	17	7578406	rs28934578	C	T	 100.0	 somatic	 high confidence
66	4	189068102	novel	C	T	 100.0	 somatic	 high confidence
67	2	99636781	novel	C	G	 100.0	 somatic	 high confidence
68	9	100364981	novel	C	T	 100.0	 somatic	 high confidence
69	19	17753746	novel	C	T	 100.0	 somatic	 high confidence
70	4	96140415	novel	T	G	 100.0	 somatic	 high confidence
71	3	13860614	novel	C	T	 100.0	 somatic	 high confidence
72	22	29191393	novel	C	T	 100.0	 somatic	 high confidence
73	10	81146152	novel	G	C	 100.0	 somatic	 high confidence
