 	#CHROM	POS	DBSNP_ID	REF	ALT	QUAL	SOMATIC_GERMLINE_CLASSIFICATION	CONFIDENCE 	 TCGA-AY-4071-01A-01W-1073-09	 hg19
0	9	107554217	novel	C	G	 100.0	 somatic	 high confidence
1	3	100527007	novel	G	C	 100.0	 somatic	 high confidence
2	5	5306817	novel	C	A	 100.0	 somatic	 high confidence
3	13	25276176	rs34864304	G	A	 100.0	 somatic	 high confidence
4	2	46739825	novel	T	C	 100.0	 somatic	 high confidence
5	16	31503352	novel	C	A	 100.0	 somatic	 high confidence
6	17	263652	novel	G	A	 100.0	 somatic	 high confidence
7	12	67699277	novel	A	C	 100.0	 somatic	 high confidence
8	7	2969697	novel	C	T	 100.0	 somatic	 high confidence
9	2	197597230	novel	A	T	 100.0	 somatic	 high confidence
10	17	78013870	novel	G	A	 100.0	 somatic	 high confidence
11	5	26902750	novel	G	C	 100.0	 somatic	 high confidence
12	6	154762469	novel	T	G	 100.0	 somatic	 high confidence
13	11	99941279	novel	C	A	 100.0	 somatic	 high confidence
14	15	68937682	novel	G	A	 100.0	 somatic	 high confidence
15	11	88033724	novel	T	C	 100.0	 somatic	 high confidence
16	15	66610832	novel	T	A	 100.0	 somatic	 high confidence
17	3	51102015	novel	A	G	 100.0	 somatic	 high confidence
18	6	83847602	novel	T	A	 100.0	 somatic	 high confidence
19	10	76855528	novel	G	C	 100.0	 somatic	 high confidence
20	3	183888352	novel	G	A	 100.0	 somatic	 high confidence
21	2	212652809	novel	A	T	 100.0	 somatic	 high confidence
22	2	14774287	novel	A	C	 100.0	 somatic	 high confidence
23	5	127728882	novel	C	T	 100.0	 somatic	 high confidence
24	17	6683561	novel	G	T	 100.0	 somatic	 high confidence
25	19	40408043	novel	C	A	 100.0	 somatic	 high confidence
26	12	95485483	novel	C	A	 100.0	 somatic	 high confidence
27	2	164467213	novel	T	C	 100.0	 somatic	 high confidence
28	1	152276882	novel	G	A	 100.0	 somatic	 high confidence
29	13	39425838	novel	T	G	 100.0	 somatic	 high confidence
30	9	37692640	novel	T	C	 100.0	 somatic	 high confidence
31	2	49190249	novel	C	T	 100.0	 somatic	 high confidence
32	11	62406479	novel	A	G	 100.0	 somatic	 high confidence
33	14	67576891	novel	G	A	 100.0	 somatic	 high confidence
34	5	147889190	novel	T	C	 100.0	 somatic	 high confidence
35	16	54967571	novel	C	T	 100.0	 somatic	 high confidence
36	2	163279904	novel	C	T	 100.0	 somatic	 high confidence
37	5	169780924	novel	T	G	 100.0	 somatic	 high confidence
38	14	58979293	novel	A	T	 100.0	 somatic	 high confidence
39	9	6007456	novel	G	A	 100.0	 somatic	 high confidence
40	2	141253147	novel	G	T	 100.0	 somatic	 high confidence
41	2	141986842	novel	C	G	 100.0	 somatic	 high confidence
42	15	66727483	novel	G	A	 100.0	 somatic	 high confidence
43	8	57025568	novel	G	A	 100.0	 somatic	 high confidence
44	11	62365507	novel	C	T	 100.0	 somatic	 high confidence
45	3	130828666	novel	A	T	 100.0	 somatic	 high confidence
46	X	123785782	novel	C	T	 100.0	 somatic	 high confidence
47	1	248343471	novel	C	T	 100.0	 somatic	 high confidence
48	19	14910722	novel	G	A	 100.0	 somatic	 high confidence
49	19	10578043	novel	G	A	 100.0	 somatic	 high confidence
50	22	41973354	novel	T	C	 100.0	 somatic	 high confidence
51	17	58740438	novel	A	G	 100.0	 somatic	 high confidence
52	3	184020271	novel	A	G	 100.0	 somatic	 high confidence
53	21	45540959	novel	G	A	 100.0	 somatic	 high confidence
54	1	178414654	novel	A	G	 100.0	 somatic	 high confidence
55	10	63958074	novel	C	G	 100.0	 somatic	 high confidence
56	6	148869561	novel	G	C	 100.0	 somatic	 high confidence
57	14	95080920	novel	G	A	 100.0	 somatic	 high confidence
58	7	94257615	novel	G	A	 100.0	 somatic	 high confidence
59	5	150663693	novel	T	C	 100.0	 somatic	 high confidence
60	16	68344733	novel	C	T	 100.0	 somatic	 high confidence
61	13	88328679	novel	T	C	 100.0	 somatic	 high confidence
62	17	61910964	novel	C	T	 100.0	 somatic	 high confidence
63	3	160131278	novel	G	A	 100.0	 somatic	 high confidence
64	7	27831685	novel	C	T	 100.0	 somatic	 high confidence
65	9	32542035	novel	A	G	 100.0	 somatic	 high confidence
66	17	7577570	novel	C	A	 100.0	 somatic	 high confidence
67	12	72667306	novel	C	T	 100.0	 somatic	 high confidence
68	2	179463774	novel	G	A	 100.0	 somatic	 high confidence
69	2	179594142	novel	C	A	 100.0	 somatic	 high confidence
70	1	101188776	novel	A	G	 100.0	 somatic	 high confidence
71	8	100861103	novel	A	G	 100.0	 somatic	 high confidence
72	10	88260181	novel	T	G	 100.0	 somatic	 high confidence
73	3	113127977	novel	G	C	 100.0	 somatic	 high confidence
74	8	30938396	novel	C	G	 100.0	 somatic	 high confidence
75	8	77617279	novel	C	T	 100.0	 somatic	 high confidence
76	19	58101417	novel	G	A	 100.0	 somatic	 high confidence
77	7	88956678	novel	A	T	 100.0	 somatic	 high confidence
