 	#CHROM	POS	DBSNP_ID	REF	ALT	QUAL	SOMATIC_GERMLINE_CLASSIFICATION	CONFIDENCE 	 TCGA-AA-A03F-01A-11W-A096-10	 hg19
0	17	67150043	novel	C	A	 100.0	 somatic	 high confidence
1	12	52374818	novel	G	A	 100.0	 somatic	 high confidence
2	1	63879780	novel	A	C	 100.0	 somatic	 high confidence
3	7	2742436	novel	G	A	 100.0	 somatic	 high confidence
4	9	140075363	novel	C	T	 100.0	 somatic	 high confidence
5	5	112173704	novel	C	T	 100.0	 somatic	 high confidence
6	5	112175639	novel	C	T	 100.0	 somatic	 high confidence
7	X	100808347	novel	C	A	 100.0	 somatic	 high confidence
8	6	101099444	novel	G	T	 100.0	 somatic	 high confidence
9	9	119976946	novel	G	A	 100.0	 somatic	 high confidence
10	1	1459704	novel	G	A	 100.0	 somatic	 high confidence
11	X	77289307	novel	G	A	 100.0	 somatic	 high confidence
12	16	50367525	novel	T	C	 100.0	 somatic	 high confidence
13	10	11894194	novel	C	T	 100.0	 somatic	 high confidence
14	17	4883119	novel	G	T	 100.0	 somatic	 high confidence
15	18	47753972	novel	G	A	 100.0	 somatic	 high confidence
16	17	32598269	novel	C	T	 100.0	 somatic	 high confidence
17	20	23065956	novel	G	C	 100.0	 somatic	 high confidence
18	11	621883	novel	C	T	 100.0	 somatic	 high confidence
19	12	6701583	novel	C	T	 100.0	 somatic	 high confidence
20	16	11001864	novel	C	T	 100.0	 somatic	 high confidence
21	2	29366687	novel	C	T	 100.0	 somatic	 high confidence
22	6	75833051	novel	C	G	 100.0	 somatic	 high confidence
23	19	10088142	novel	G	A	 100.0	 somatic	 high confidence
24	4	155157988	novel	G	T	 100.0	 somatic	 high confidence
25	10	54076187	novel	A	C	 100.0	 somatic	 high confidence
26	8	12947789	novel	G	A	 100.0	 somatic	 high confidence
27	1	97981462	novel	T	G	 100.0	 somatic	 high confidence
28	6	311894	novel	G	T	 100.0	 somatic	 high confidence
29	14	34985538	novel	T	C	 100.0	 somatic	 high confidence
30	X	129799652	novel	G	A	 100.0	 somatic	 high confidence
31	1	172635029	novel	C	T	 100.0	 somatic	 high confidence
32	22	45959116	novel	G	C	 100.0	 somatic	 high confidence
33	5	127673797	novel	G	A	 100.0	 somatic	 high confidence
34	4	153249384	novel	C	T	 100.0	 somatic	 high confidence
35	6	159653955	novel	C	T	 100.0	 somatic	 high confidence
36	13	32868604	novel	T	C	 100.0	 somatic	 high confidence
37	X	151514067	novel	C	T	 100.0	 somatic	 high confidence
38	X	69649807	novel	C	T	 100.0	 somatic	 high confidence
39	17	27902867	novel	G	A	 100.0	 somatic	 high confidence
40	17	42882168	novel	G	A	 100.0	 somatic	 high confidence
41	8	30538424	novel	T	G	 100.0	 somatic	 high confidence
42	6	105239396	novel	T	C	 100.0	 somatic	 high confidence
43	1	161496071	novel	A	C	 100.0	 somatic	 high confidence
44	1	23519913	novel	G	A	 100.0	 somatic	 high confidence
45	16	71061731	novel	C	T	 100.0	 somatic	 high confidence
46	13	111372025	novel	C	T	 100.0	 somatic	 high confidence
47	10	7791163	novel	G	T	 100.0	 somatic	 high confidence
48	12	5153809	novel	G	T	 100.0	 somatic	 high confidence
49	12	25398284	novel	C	T	 100.0	 somatic	 high confidence
50	2	136575378	novel	G	A	 100.0	 somatic	 high confidence
51	6	70410688	novel	C	T	 100.0	 somatic	 high confidence
52	X	3228955	novel	G	A	 100.0	 somatic	 high confidence
53	8	2092892	novel	C	T	 100.0	 somatic	 high confidence
54	X	124028201	novel	C	T	 100.0	 somatic	 high confidence
55	11	6898566	novel	C	T	 100.0	 somatic	 high confidence
56	6	29408447	novel	C	T	 100.0	 somatic	 high confidence
57	11	123894395	novel	C	T	 100.0	 somatic	 high confidence
58	14	20444383	novel	C	A	 100.0	 somatic	 high confidence
59	2	26698274	novel	C	T	 100.0	 somatic	 high confidence
60	1	226553729	novel	C	T	 100.0	 somatic	 high confidence
61	X	91091032	novel	G	A	 100.0	 somatic	 high confidence
62	5	140307018	novel	G	A	 100.0	 somatic	 high confidence
63	5	140723779	novel	C	T	 100.0	 somatic	 high confidence
64	21	47775371	novel	G	A	 100.0	 somatic	 high confidence
65	14	71568792	novel	C	T	 100.0	 somatic	 high confidence
66	9	78773967	novel	G	A	 100.0	 somatic	 high confidence
67	19	10577591	novel	C	T	 100.0	 somatic	 high confidence
68	17	76399861	novel	G	T	 100.0	 somatic	 high confidence
69	20	58318189	novel	G	A	 100.0	 somatic	 high confidence
70	16	47549477	novel	T	G	 100.0	 somatic	 high confidence
71	3	178936091	novel	G	A	 100.0	 somatic	 high confidence
72	19	4512245	novel	G	A	 100.0	 somatic	 high confidence
73	2	86258599	novel	C	T	 100.0	 somatic	 high confidence
74	X	23410663	novel	G	T	 100.0	 somatic	 high confidence
75	1	71512938	novel	G	T	 100.0	 somatic	 high confidence
76	17	78796012	novel	G	A	 100.0	 somatic	 high confidence
77	7	6797489	novel	C	T	 100.0	 somatic	 high confidence
78	15	49254870	novel	G	A	 100.0	 somatic	 high confidence
79	9	86907662	novel	A	T	 100.0	 somatic	 high confidence
80	5	139742606	novel	C	A	 100.0	 somatic	 high confidence
81	1	110737250	novel	C	T	 100.0	 somatic	 high confidence
82	10	98802720	novel	G	T	 100.0	 somatic	 high confidence
83	6	86257096	novel	G	A	 100.0	 somatic	 high confidence
84	2	107423243	novel	C	T	 100.0	 somatic	 high confidence
85	6	132938932	novel	G	A	 100.0	 somatic	 high confidence
86	X	70598796	novel	A	T	 100.0	 somatic	 high confidence
87	2	101624548	novel	G	A	 100.0	 somatic	 high confidence
88	3	30713643	novel	T	C	 100.0	 somatic	 high confidence
89	6	155450370	novel	G	A	 100.0	 somatic	 high confidence
90	7	112424765	novel	A	T	 100.0	 somatic	 high confidence
91	22	35726356	novel	G	A	 100.0	 somatic	 high confidence
92	11	5528825	novel	G	A	 100.0	 somatic	 high confidence
93	17	33513328	novel	G	T	 100.0	 somatic	 high confidence
94	5	167882424	novel	C	T	 100.0	 somatic	 high confidence
95	1	35452998	novel	C	T	 100.0	 somatic	 high confidence
96	19	19790274	novel	G	A	 100.0	 somatic	 high confidence
97	19	52091376	novel	G	A	 100.0	 somatic	 high confidence
98	6	43322421	novel	C	T	 100.0	 somatic	 high confidence
99	20	62597614	novel	G	A	 100.0	 somatic	 high confidence
100	4	437166	novel	C	A	 100.0	 somatic	 high confidence
101	19	22951200	novel	T	A	 100.0	 somatic	 high confidence
