 	#CHROM	POS	DBSNP_ID	REF	ALT	QUAL	SOMATIC_GERMLINE_CLASSIFICATION	CONFIDENCE 	 TCGA-AA-A02Y-01A-43W-A096-10	 hg19
0	2	215910643	novel	G	T	 100.0	 somatic	 high confidence
1	7	87168616	novel	G	A	 100.0	 somatic	 high confidence
2	12	109660638	novel	T	G	 100.0	 somatic	 high confidence
3	3	64619463	novel	C	T	 100.0	 somatic	 high confidence
4	X	148039912	novel	G	A	 100.0	 somatic	 high confidence
5	2	100625365	novel	C	T	 100.0	 somatic	 high confidence
6	14	33291631	novel	C	T	 100.0	 somatic	 high confidence
7	12	38715004	novel	T	G	 100.0	 somatic	 high confidence
8	19	45411101	novel	G	T	 100.0	 somatic	 high confidence
9	17	8215391	novel	C	T	 100.0	 somatic	 high confidence
10	9	119188284	novel	C	T	 100.0	 somatic	 high confidence
11	11	108206581	novel	G	A	 100.0	 somatic	 high confidence
12	1	160090988	novel	C	A	 100.0	 somatic	 high confidence
13	15	24922808	novel	C	A	 100.0	 somatic	 high confidence
14	20	20278871	novel	G	A	 100.0	 somatic	 high confidence
15	4	98761978	novel	C	A	 100.0	 somatic	 high confidence
16	5	41904486	novel	C	G	 100.0	 somatic	 high confidence
17	19	51728621	novel	G	A	 100.0	 somatic	 high confidence
18	12	56119990	rs11574657	G	A	 100.0	 somatic	 high confidence
19	16	65005568	novel	T	C	 100.0	 somatic	 high confidence
20	1	196714991	novel	G	A	 100.0	 somatic	 high confidence
21	3	184102983	novel	C	T	 100.0	 somatic	 high confidence
22	16	58615359	novel	G	A	 100.0	 somatic	 high confidence
23	3	130311940	novel	C	T	 100.0	 somatic	 high confidence
24	7	130002325	novel	G	T	 100.0	 somatic	 high confidence
25	10	67726384	novel	G	T	 100.0	 somatic	 high confidence
26	1	226032903	rs45495897	C	A	 100.0	 somatic	 high confidence
27	9	140246651	novel	G	T	 100.0	 somatic	 high confidence
28	20	45700871	novel	G	A	 100.0	 somatic	 high confidence
29	8	139209858	novel	G	A	 100.0	 somatic	 high confidence
30	9	37521757	novel	A	T	 100.0	 somatic	 high confidence
31	7	19184660	novel	C	T	 100.0	 somatic	 high confidence
32	6	27293270	novel	C	T	 100.0	 somatic	 high confidence
33	X	44386551	novel	T	C	 100.0	 somatic	 high confidence
34	9	79117388	novel	G	A	 100.0	 somatic	 high confidence
35	6	90605809	novel	T	G	 100.0	 somatic	 high confidence
36	5	153078529	novel	G	A	 100.0	 somatic	 high confidence
37	2	197157324	novel	G	A	 100.0	 somatic	 high confidence
38	12	123346026	novel	C	T	 100.0	 somatic	 high confidence
39	11	63233592	novel	C	T	 100.0	 somatic	 high confidence
40	16	26147345	novel	G	C	 100.0	 somatic	 high confidence
41	X	114141464	novel	G	A	 100.0	 somatic	 high confidence
42	3	159996985	novel	A	G	 100.0	 somatic	 high confidence
43	14	24653538	novel	C	T	 100.0	 somatic	 high confidence
44	3	4748024	novel	G	A	 100.0	 somatic	 high confidence
45	5	147019212	novel	C	T	 100.0	 somatic	 high confidence
46	5	5465319	novel	G	A	 100.0	 somatic	 high confidence
47	12	25398284	novel	C	A	 100.0	 somatic	 high confidence
48	21	46117811	novel	G	T	 100.0	 somatic	 high confidence
49	2	141108493	novel	C	A	 100.0	 somatic	 high confidence
50	X	30260296	novel	G	A	 100.0	 somatic	 high confidence
51	5	109065129	novel	C	T	 100.0	 somatic	 high confidence
52	3	182994733	novel	A	C	 100.0	 somatic	 high confidence
53	2	66739342	novel	G	T	 100.0	 somatic	 high confidence
54	2	238461004	novel	G	A	 100.0	 somatic	 high confidence
55	2	202514850	novel	G	A	 100.0	 somatic	 high confidence
56	13	30071429	novel	C	T	 100.0	 somatic	 high confidence
57	X	3240326	novel	G	T	 100.0	 somatic	 high confidence
58	7	144098373	novel	C	T	 100.0	 somatic	 high confidence
59	11	55606975	novel	A	G	 100.0	 somatic	 high confidence
60	11	59345766	novel	T	G	 100.0	 somatic	 high confidence
61	5	140755746	novel	C	T	 100.0	 somatic	 high confidence
62	7	82585683	novel	C	A	 100.0	 somatic	 high confidence
63	3	122811274	novel	G	T	 100.0	 somatic	 high confidence
64	19	57328827	novel	G	T	 100.0	 somatic	 high confidence
65	3	178936091	novel	G	A	 100.0	 somatic	 high confidence
66	6	151151998	novel	G	A	 100.0	 somatic	 high confidence
67	4	147561281	novel	C	T	 100.0	 somatic	 high confidence
68	12	44148838	novel	G	C	 100.0	 somatic	 high confidence
69	3	77671509	novel	A	C	 100.0	 somatic	 high confidence
70	2	210882278	novel	G	A	 100.0	 somatic	 high confidence
71	1	155912333	novel	C	G	 100.0	 somatic	 high confidence
72	1	237813360	novel	C	T	 100.0	 somatic	 high confidence
73	13	78216902	novel	G	T	 100.0	 somatic	 high confidence
74	2	224462572	novel	G	T	 100.0	 somatic	 high confidence
75	11	64536741	novel	G	A	 100.0	 somatic	 high confidence
76	18	2697978	novel	C	G	 100.0	 somatic	 high confidence
77	2	29072791	novel	C	T	 100.0	 somatic	 high confidence
78	5	171520724	novel	C	T	 100.0	 somatic	 high confidence
79	7	23768840	novel	C	A	 100.0	 somatic	 high confidence
80	13	61109249	novel	G	A	 100.0	 somatic	 high confidence
81	14	104490971	novel	G	A	 100.0	 somatic	 high confidence
82	7	100218641	novel	G	A	 100.0	 somatic	 high confidence
83	X	89177766	novel	G	T	 100.0	 somatic	 high confidence
84	22	40662360	novel	G	A	 100.0	 somatic	 high confidence
85	1	211533366	novel	G	T	 100.0	 somatic	 high confidence
86	5	14508455	novel	G	A	 100.0	 somatic	 high confidence
87	8	116617087	novel	G	T	 100.0	 somatic	 high confidence
88	2	179401826	novel	G	T	 100.0	 somatic	 high confidence
89	10	12006081	novel	C	A	 100.0	 somatic	 high confidence
90	3	179426590	rs61760204	G	A	 100.0	 somatic	 high confidence
91	6	145110352	novel	G	T	 100.0	 somatic	 high confidence
92	2	37010497	novel	G	T	 100.0	 somatic	 high confidence
93	14	74823550	novel	G	A	 100.0	 somatic	 high confidence
94	21	44270302	novel	C	T	 100.0	 somatic	 high confidence
95	X	2729397	novel	G	A	 100.0	 somatic	 high confidence
96	X	74670730	novel	G	A	 100.0	 somatic	 high confidence
97	18	72775210	novel	G	A	 100.0	 somatic	 high confidence
98	3	40558151	novel	C	T	 100.0	 somatic	 high confidence
