 	#CHROM	POS	DBSNP_ID	REF	ALT	QUAL	SOMATIC_GERMLINE_CLASSIFICATION	CONFIDENCE 	 TCGA-AA-A01K-01A-01W-A00E-09	 hg19
0	9	38395987	novel	A	G	 100.0	 somatic	 high confidence
1	8	6371296	novel	G	A	 100.0	 somatic	 high confidence
2	12	100166797	novel	G	T	 100.0	 somatic	 high confidence
3	7	36489391	novel	G	C	 100.0	 somatic	 high confidence
4	5	112175576	novel	C	T	 100.0	 somatic	 high confidence
5	5	112173917	novel	C	T	 100.0	 somatic	 high confidence
6	12	57866443	novel	T	A	 100.0	 somatic	 high confidence
7	2	24108626	novel	G	A	 100.0	 somatic	 high confidence
8	18	55322548	novel	G	C	 100.0	 somatic	 high confidence
9	10	105951965	novel	C	T	 100.0	 somatic	 high confidence
10	14	76621206	novel	G	A	 100.0	 somatic	 high confidence
11	3	47537665	novel	G	A	 100.0	 somatic	 high confidence
12	8	96259954	novel	T	A	 100.0	 somatic	 high confidence
13	19	48533818	novel	C	T	 100.0	 somatic	 high confidence
14	12	94761669	novel	T	A	 100.0	 somatic	 high confidence
15	5	68467140	novel	C	T	 100.0	 somatic	 high confidence
16	1	243354422	novel	A	G	 100.0	 somatic	 high confidence
17	8	61742924	novel	G	A	 100.0	 somatic	 high confidence
18	8	27462591	novel	G	A	 100.0	 somatic	 high confidence
19	8	87588276	novel	T	A	 100.0	 somatic	 high confidence
20	X	107462935	novel	C	A	 100.0	 somatic	 high confidence
21	3	41268762	novel	G	A	 100.0	 somatic	 high confidence
22	10	17126295	novel	C	T	 100.0	 somatic	 high confidence
23	X	36103478	novel	A	T	 100.0	 somatic	 high confidence
24	9	105767054	novel	G	T	 100.0	 somatic	 high confidence
25	3	137890544	novel	C	T	 100.0	 somatic	 high confidence
26	17	28296186	novel	T	A	 100.0	 somatic	 high confidence
27	16	23702490	novel	C	T	 100.0	 somatic	 high confidence
28	4	153247289	novel	G	A	 100.0	 somatic	 high confidence
29	12	4543401	novel	G	T	 100.0	 somatic	 high confidence
30	11	89405160	novel	C	G	 100.0	 somatic	 high confidence
31	2	114257534	novel	C	G	 100.0	 somatic	 high confidence
32	12	110427580	novel	C	G	 100.0	 somatic	 high confidence
33	11	58602197	novel	T	A	 100.0	 somatic	 high confidence
34	5	153174224	novel	C	A	 100.0	 somatic	 high confidence
35	11	106681134	novel	C	T	 100.0	 somatic	 high confidence
36	10	115338462	novel	C	A	 100.0	 somatic	 high confidence
37	6	26197235	novel	C	G	 100.0	 somatic	 high confidence
38	8	39785351	novel	C	T	 100.0	 somatic	 high confidence
39	X	105011533	novel	C	T	 100.0	 somatic	 high confidence
40	5	55212623	novel	G	C	 100.0	 somatic	 high confidence
41	3	51864540	novel	T	C	 100.0	 somatic	 high confidence
42	10	64949028	novel	A	G	 100.0	 somatic	 high confidence
43	17	73491018	novel	C	G	 100.0	 somatic	 high confidence
44	12	25398284	novel	C	A	 100.0	 somatic	 high confidence
45	2	100911951	novel	G	A	 100.0	 somatic	 high confidence
46	4	52861080	novel	C	A	 100.0	 somatic	 high confidence
47	X	70348244	novel	C	G	 100.0	 somatic	 high confidence
48	12	116429047	novel	C	A	 100.0	 somatic	 high confidence
49	11	60557878	novel	C	T	 100.0	 somatic	 high confidence
50	12	7947504	novel	G	C	 100.0	 somatic	 high confidence
51	21	22710843	novel	G	A	 100.0	 somatic	 high confidence
52	12	54925341	novel	A	C	 100.0	 somatic	 high confidence
53	X	5811432	novel	C	T	 100.0	 somatic	 high confidence
54	19	56407414	novel	A	G	 100.0	 somatic	 high confidence
55	18	21121288	novel	T	G	 100.0	 somatic	 high confidence
56	17	38252831	novel	G	A	 100.0	 somatic	 high confidence
57	1	107867468	novel	G	A	 100.0	 somatic	 high confidence
58	1	158389918	novel	T	A	 100.0	 somatic	 high confidence
59	4	134072475	novel	C	G	 100.0	 somatic	 high confidence
60	13	67800812	novel	C	G	 100.0	 somatic	 high confidence
61	5	140750472	novel	T	A	 100.0	 somatic	 high confidence
62	X	19369486	novel	C	T	 100.0	 somatic	 high confidence
63	3	178936091	novel	G	A	 100.0	 somatic	 high confidence
64	1	20975055	novel	T	A	 100.0	 somatic	 high confidence
65	8	99140691	novel	C	T	 100.0	 somatic	 high confidence
66	5	120021725	novel	C	T	 100.0	 somatic	 high confidence
67	14	65417779	novel	T	C	 100.0	 somatic	 high confidence
68	7	22190088	novel	G	C	 100.0	 somatic	 high confidence
69	3	77599997	novel	A	T	 100.0	 somatic	 high confidence
70	19	38993310	novel	G	A	 100.0	 somatic	 high confidence
71	1	237843805	novel	T	G	 100.0	 somatic	 high confidence
72	10	73122133	novel	A	T	 100.0	 somatic	 high confidence
73	3	170216490	novel	G	A	 100.0	 somatic	 high confidence
74	12	109182896	novel	G	A	 100.0	 somatic	 high confidence
75	14	81743771	novel	C	A	 100.0	 somatic	 high confidence
76	20	58449055	novel	T	C	 100.0	 somatic	 high confidence
77	1	114680442	novel	C	T	 100.0	 somatic	 high confidence
78	17	34171772	novel	G	A	 100.0	 somatic	 high confidence
79	1	6636538	novel	A	C	 100.0	 somatic	 high confidence
80	4	166910608	novel	C	T	 100.0	 somatic	 high confidence
81	17	7578406	rs28934578	C	T	 100.0	 somatic	 high confidence
82	7	99506213	novel	G	C	 100.0	 somatic	 high confidence
83	1	26387815	novel	G	T	 100.0	 somatic	 high confidence
84	15	43675686	novel	G	T	 100.0	 somatic	 high confidence
85	15	75134628	novel	T	G	 100.0	 somatic	 high confidence
86	19	17750252	novel	C	T	 100.0	 somatic	 high confidence
87	3	122133703	novel	T	G	 100.0	 somatic	 high confidence
88	20	44184492	novel	G	A	 100.0	 somatic	 high confidence
89	8	125988686	novel	G	C	 100.0	 somatic	 high confidence
