 	#CHROM	POS	DBSNP_ID	REF	ALT	QUAL	SOMATIC_GERMLINE_CLASSIFICATION	CONFIDENCE 	 TCGA-AA-A01S-01A-21W-A096-10	 hg19
0	16	20556513	novel	G	A	 100.0	 somatic	 high confidence
1	6	24523153	novel	G	T	 100.0	 somatic	 high confidence
2	5	112164616	novel	C	T	 100.0	 somatic	 high confidence
3	5	112154963	novel	C	T	 100.0	 somatic	 high confidence
4	1	34663513	novel	G	A	 100.0	 somatic	 high confidence
5	20	60991831	novel	G	A	 100.0	 somatic	 high confidence
6	10	73453967	novel	G	A	 100.0	 somatic	 high confidence
7	10	95262988	novel	T	C	 100.0	 somatic	 high confidence
8	19	34263784	novel	C	T	 100.0	 somatic	 high confidence
9	3	1418745	novel	G	A	 100.0	 somatic	 high confidence
10	2	189857637	novel	G	T	 100.0	 somatic	 high confidence
11	20	23424629	novel	G	A	 100.0	 somatic	 high confidence
12	X	36156549	novel	C	A	 100.0	 somatic	 high confidence
13	9	122000972	novel	C	T	 100.0	 somatic	 high confidence
14	15	65790337	novel	T	C	 100.0	 somatic	 high confidence
15	8	110351621	novel	T	C	 100.0	 somatic	 high confidence
16	10	85912074	novel	G	A	 100.0	 somatic	 high confidence
17	10	103826036	novel	G	A	 100.0	 somatic	 high confidence
18	17	47115630	novel	C	T	 100.0	 somatic	 high confidence
19	17	39775851	novel	G	A	 100.0	 somatic	 high confidence
20	21	32253821	novel	C	A	 100.0	 somatic	 high confidence
21	6	28227927	novel	T	G	 100.0	 somatic	 high confidence
22	1	247614765	novel	C	T	 100.0	 somatic	 high confidence
23	3	161221587	novel	G	A	 100.0	 somatic	 high confidence
24	11	118498216	novel	C	A	 100.0	 somatic	 high confidence
25	22	25152589	novel	C	T	 100.0	 somatic	 high confidence
26	19	14580323	novel	G	A	 100.0	 somatic	 high confidence
27	12	133281252	novel	C	A	 100.0	 somatic	 high confidence
28	10	13361209	novel	C	T	 100.0	 somatic	 high confidence
29	15	84237326	novel	G	A	 100.0	 somatic	 high confidence
30	15	49254728	novel	G	A	 100.0	 somatic	 high confidence
31	15	48521490	novel	G	A	 100.0	 somatic	 high confidence
32	10	50820044	novel	G	A	 100.0	 somatic	 high confidence
33	12	21068956	novel	A	T	 100.0	 somatic	 high confidence
34	8	134107373	novel	G	T	 100.0	 somatic	 high confidence
35	9	75445568	novel	C	T	 100.0	 somatic	 high confidence
36	8	119945239	novel	G	A	 100.0	 somatic	 high confidence
37	17	7577105	novel	G	C	 100.0	 somatic	 high confidence
38	20	30497577	novel	G	A	 100.0	 somatic	 high confidence
39	2	179479651	novel	C	T	 100.0	 somatic	 high confidence
40	17	40815057	novel	C	T	 100.0	 somatic	 high confidence
41	4	96256667	novel	G	C	 100.0	 somatic	 high confidence
42	3	48643256	novel	C	T	 100.0	 somatic	 high confidence
