 	#CHROM	POS	DBSNP_ID	REF	ALT	QUAL	SOMATIC_GERMLINE_CLASSIFICATION	CONFIDENCE 	 TCGA-AA-A00L-01A-01W-A005-10	 hg19
0	11	22257787	novel	T	T	 100.0	 somatic	 high confidence
1	5	112174631	novel	C	C	 100.0	 somatic	 high confidence
2	9	33442939	novel	G	G	 100.0	 somatic	 high confidence
3	1	27059269	novel	C	C	 100.0	 somatic	 high confidence
4	1	150784514	novel	G	G	 100.0	 somatic	 high confidence
5	2	96789670	novel	C	C	 100.0	 somatic	 high confidence
6	1	176838060	novel	G	G	 100.0	 somatic	 high confidence
7	19	57743915	novel	C	C	 100.0	 somatic	 high confidence
8	1	28211922	novel	G	G	 100.0	 somatic	 high confidence
9	9	99285665	novel	G	G	 100.0	 somatic	 high confidence
10	2	238275437	novel	C	C	 100.0	 somatic	 high confidence
11	19	41599640	novel	G	G	 100.0	 somatic	 high confidence
12	13	39265234	novel	C	C	 100.0	 somatic	 high confidence
13	17	34073219	novel	C	C	 100.0	 somatic	 high confidence
14	12	7848078	novel	G	G	 100.0	 somatic	 high confidence
15	3	172166128	novel	C	C	 100.0	 somatic	 high confidence
16	16	9857679	novel	C	C	 100.0	 somatic	 high confidence
17	5	75967723	novel	G	G	 100.0	 somatic	 high confidence
18	10	78868321	novel	C	C	 100.0	 somatic	 high confidence
19	6	97533119	novel	A	A	 100.0	 somatic	 high confidence
20	17	39578647	novel	G	G	 100.0	 somatic	 high confidence
21	1	85279732	novel	C	C	 100.0	 somatic	 high confidence
22	2	170044681	novel	G	G	 100.0	 somatic	 high confidence
23	1	70541809	novel	G	G	 100.0	 somatic	 high confidence
24	3	54958685	novel	G	G	 100.0	 somatic	 high confidence
25	5	44815139	novel	A	A	 100.0	 somatic	 high confidence
26	1	148753320	rs1043672	C	C	 100.0	 somatic	 high confidence
27	9	107528664	novel	G	G	 100.0	 somatic	 high confidence
28	2	27664588	novel	G	G	 100.0	 somatic	 high confidence
29	11	123813879	novel	C	C	 100.0	 somatic	 high confidence
30	6	84233714	novel	G	G	 100.0	 somatic	 high confidence
31	19	43763039	novel	G	G	 100.0	 somatic	 high confidence
32	12	26217949	novel	C	C	 100.0	 somatic	 high confidence
33	X	130219684	novel	G	G	 100.0	 somatic	 high confidence
34	2	96953273	novel	G	G	 100.0	 somatic	 high confidence
35	6	32800523	novel	C	C	 100.0	 somatic	 high confidence
36	10	70406004	novel	G	G	 100.0	 somatic	 high confidence
37	17	7577550	rs28934572	C	C	 100.0	 somatic	 high confidence
38	3	140401765	novel	C	C	 100.0	 somatic	 high confidence
39	11	101362321	novel	C	C	 100.0	 somatic	 high confidence
40	1	151542154	novel	G	G	 100.0	 somatic	 high confidence
41	11	118257211	novel	T	T	 100.0	 somatic	 high confidence
42	16	4910693	novel	A	A	 100.0	 somatic	 high confidence
43	5	76758982	novel	A	A	 100.0	 somatic	 high confidence
44	11	58380290	novel	C	C	 100.0	 somatic	 high confidence
45	3	102187857	novel	C	C	 100.0	 somatic	 high confidence
