 	#CHROM	POS	DBSNP_ID	REF	ALT	QUAL	SOMATIC_GERMLINE_CLASSIFICATION	CONFIDENCE 	 TCGA-AA-A01G-01A-01W-A005-10	 hg19
0	2	223806250	novel	C	C	 100.0	 somatic	 high confidence
1	17	42854557	novel	G	G	 100.0	 somatic	 high confidence
2	16	77389928	novel	C	C	 100.0	 somatic	 high confidence
3	4	2877778	novel	C	C	 100.0	 somatic	 high confidence
4	8	67372555	novel	G	G	 100.0	 somatic	 high confidence
5	6	69349156	novel	A	A	 100.0	 somatic	 high confidence
6	4	159092181	novel	C	C	 100.0	 somatic	 high confidence
7	5	39308382	novel	C	C	 100.0	 somatic	 high confidence
8	3	62570899	novel	G	G	 100.0	 somatic	 high confidence
9	3	112358452	novel	C	C	 100.0	 somatic	 high confidence
10	12	8672912	novel	C	C	 100.0	 somatic	 high confidence
11	8	87645092	novel	C	C	 100.0	 somatic	 high confidence
12	9	117071681	novel	C	C	 100.0	 somatic	 high confidence
13	10	135350675	novel	G	G	 100.0	 somatic	 high confidence
14	5	39383090	novel	G	G	 100.0	 somatic	 high confidence
15	15	45389555	novel	A	A	 100.0	 somatic	 high confidence
16	X	65824341	novel	G	G	 100.0	 somatic	 high confidence
17	22	41523729	novel	G	G	 100.0	 somatic	 high confidence
18	7	143088818	novel	C	C	 100.0	 somatic	 high confidence
19	5	127622512	novel	C	C	 100.0	 somatic	 high confidence
20	15	50570972	novel	C	C	 100.0	 somatic	 high confidence
21	1	46120963	novel	C	C	 100.0	 somatic	 high confidence
22	2	128409013	novel	G	G	 100.0	 somatic	 high confidence
23	6	26045654	novel	C	C	 100.0	 somatic	 high confidence
24	2	231973985	novel	G	G	 100.0	 somatic	 high confidence
25	11	113860378	novel	C	C	 100.0	 somatic	 high confidence
26	11	9456484	novel	T	T	 100.0	 somatic	 high confidence
27	10	70765526	novel	C	C	 100.0	 somatic	 high confidence
28	10	91511168	novel	C	C	 100.0	 somatic	 high confidence
29	X	117043309	novel	C	C	 100.0	 somatic	 high confidence
30	12	25378647	novel	T	T	 100.0	 somatic	 high confidence
31	5	71489934	novel	C	C	 100.0	 somatic	 high confidence
32	19	1581173	novel	C	C	 100.0	 somatic	 high confidence
33	11	118371831	novel	G	G	 100.0	 somatic	 high confidence
34	19	55451582	novel	G	G	 100.0	 somatic	 high confidence
35	1	40034518	novel	G	G	 100.0	 somatic	 high confidence
36	19	46974222	novel	G	G	 100.0	 somatic	 high confidence
37	13	28240029	novel	A	A	 100.0	 somatic	 high confidence
38	13	38154705	novel	G	G	 100.0	 somatic	 high confidence
39	14	21992636	novel	C	C	 100.0	 somatic	 high confidence
40	7	83021940	novel	C	C	 100.0	 somatic	 high confidence
41	9	17786392	novel	G	G	 100.0	 somatic	 high confidence
42	19	49937050	novel	G	G	 100.0	 somatic	 high confidence
43	8	92352765	novel	A	A	 100.0	 somatic	 high confidence
44	1	118537064	novel	G	G	 100.0	 somatic	 high confidence
45	1	6636576	novel	G	G	 100.0	 somatic	 high confidence
46	17	7578406	rs28934578	C	C	 100.0	 somatic	 high confidence
47	19	6829915	novel	C	C	 100.0	 somatic	 high confidence
48	19	31039806	novel	G	G	 100.0	 somatic	 high confidence
