 	#CHROM	POS	DBSNP_ID	REF	ALT	QUAL	SOMATIC_GERMLINE_CLASSIFICATION	CONFIDENCE 	 TCGA-AG-4007-01A-01W-1073-09	 hg19
0	17	47293951	novel	C	T	 100.0	 somatic	 high confidence
1	8	107782396	novel	C	A	 100.0	 somatic	 high confidence
2	5	178585754	novel	G	A	 100.0	 somatic	 high confidence
3	5	7802364	novel	G	A	 100.0	 somatic	 high confidence
4	5	112175198	novel	C	T	 100.0	 somatic	 high confidence
5	5	112175426	novel	G	T	 100.0	 somatic	 high confidence
6	11	57004033	novel	G	A	 100.0	 somatic	 high confidence
7	19	36361838	novel	C	T	 100.0	 somatic	 high confidence
8	19	36051502	novel	G	A	 100.0	 somatic	 high confidence
9	4	123663513	novel	A	C	 100.0	 somatic	 high confidence
10	3	165547452	novel	G	A	 100.0	 somatic	 high confidence
11	19	51769106	novel	C	T	 100.0	 somatic	 high confidence
12	6	127796803	novel	G	A	 100.0	 somatic	 high confidence
13	9	27566891	novel	C	G	 100.0	 somatic	 high confidence
14	10	18803963	novel	G	A	 100.0	 somatic	 high confidence
15	19	15164318	novel	G	A	 100.0	 somatic	 high confidence
16	11	34478355	novel	A	T	 100.0	 somatic	 high confidence
17	18	67562982	novel	C	T	 100.0	 somatic	 high confidence
18	12	6697108	novel	C	A	 100.0	 somatic	 high confidence
19	8	4495006	novel	T	A	 100.0	 somatic	 high confidence
20	1	34037186	novel	G	A	 100.0	 somatic	 high confidence
21	8	113267642	novel	C	A	 100.0	 somatic	 high confidence
22	6	32007206	novel	G	A	 100.0	 somatic	 high confidence
23	X	125299670	novel	C	T	 100.0	 somatic	 high confidence
24	4	155157679	novel	C	G	 100.0	 somatic	 high confidence
25	1	223177920	novel	C	T	 100.0	 somatic	 high confidence
26	12	124345570	novel	C	T	 100.0	 somatic	 high confidence
27	7	73097234	novel	C	T	 100.0	 somatic	 high confidence
28	11	117332214	novel	C	T	 100.0	 somatic	 high confidence
29	14	34998597	novel	C	T	 100.0	 somatic	 high confidence
30	19	14884750	novel	C	T	 100.0	 somatic	 high confidence
31	1	110301241	novel	C	T	 100.0	 somatic	 high confidence
32	3	138193103	novel	G	A	 100.0	 somatic	 high confidence
33	19	40392496	novel	C	T	 100.0	 somatic	 high confidence
34	6	87994312	novel	T	C	 100.0	 somatic	 high confidence
35	2	220366585	novel	A	C	 100.0	 somatic	 high confidence
36	13	95055269	novel	G	A	 100.0	 somatic	 high confidence
37	X	101912025	novel	T	G	 100.0	 somatic	 high confidence
38	3	51750037	novel	C	T	 100.0	 somatic	 high confidence
39	3	7721970	novel	G	A	 100.0	 somatic	 high confidence
40	16	70975668	novel	G	A	 100.0	 somatic	 high confidence
41	7	45956888	novel	C	T	 100.0	 somatic	 high confidence
42	1	154408532	novel	G	A	 100.0	 somatic	 high confidence
43	1	62349972	novel	G	C	 100.0	 somatic	 high confidence
44	7	2632682	novel	C	T	 100.0	 somatic	 high confidence
45	X	107979463	novel	C	T	 100.0	 somatic	 high confidence
46	11	17793429	novel	G	A	 100.0	 somatic	 high confidence
47	2	223917943	novel	C	T	 100.0	 somatic	 high confidence
48	1	202702942	novel	T	G	 100.0	 somatic	 high confidence
49	4	186112011	novel	C	T	 100.0	 somatic	 high confidence
50	10	91474900	novel	C	T	 100.0	 somatic	 high confidence
51	10	98715591	novel	G	T	 100.0	 somatic	 high confidence
52	1	151137721	novel	G	A	 100.0	 somatic	 high confidence
53	3	186954338	novel	G	A	 100.0	 somatic	 high confidence
54	3	154884783	novel	G	A	 100.0	 somatic	 high confidence
55	X	3238174	novel	T	C	 100.0	 somatic	 high confidence
56	17	8413168	novel	T	A	 100.0	 somatic	 high confidence
57	16	15844149	novel	G	A	 100.0	 somatic	 high confidence
58	1	211842487	novel	C	T	 100.0	 somatic	 high confidence
59	14	24844904	novel	C	T	 100.0	 somatic	 high confidence
60	17	5433948	novel	C	T	 100.0	 somatic	 high confidence
61	19	15299048	novel	G	A	 100.0	 somatic	 high confidence
62	19	46457181	novel	C	T	 100.0	 somatic	 high confidence
63	10	84745020	novel	G	T	 100.0	 somatic	 high confidence
64	6	118014243	novel	A	G	 100.0	 somatic	 high confidence
65	19	16899843	novel	G	T	 100.0	 somatic	 high confidence
66	11	78380888	novel	C	T	 100.0	 somatic	 high confidence
67	X	110463652	novel	G	A	 100.0	 somatic	 high confidence
68	1	176769219	novel	G	A	 100.0	 somatic	 high confidence
69	13	58207746	novel	G	A	 100.0	 somatic	 high confidence
70	5	140481975	novel	A	C	 100.0	 somatic	 high confidence
71	5	140531988	novel	C	A	 100.0	 somatic	 high confidence
72	5	140802769	novel	G	A	 100.0	 somatic	 high confidence
73	11	82879949	novel	G	T	 100.0	 somatic	 high confidence
74	6	79675473	novel	T	G	 100.0	 somatic	 high confidence
75	6	51914991	novel	G	A	 100.0	 somatic	 high confidence
76	2	68609685	novel	T	C	 100.0	 somatic	 high confidence
77	4	57896476	novel	G	A	 100.0	 somatic	 high confidence
78	16	22334241	novel	C	T	 100.0	 somatic	 high confidence
79	12	80199538	novel	G	A	 100.0	 somatic	 high confidence
80	5	139219669	novel	G	A	 100.0	 somatic	 high confidence
81	11	107832799	novel	C	T	 100.0	 somatic	 high confidence
82	14	36041891	novel	C	T	 100.0	 somatic	 high confidence
83	3	78796020	novel	G	A	 100.0	 somatic	 high confidence
84	3	51972119	novel	C	T	 100.0	 somatic	 high confidence
85	1	237954780	novel	G	A	 100.0	 somatic	 high confidence
86	17	62034860	novel	C	A	 100.0	 somatic	 high confidence
87	17	62049785	novel	C	T	 100.0	 somatic	 high confidence
88	3	38601826	novel	C	T	 100.0	 somatic	 high confidence
89	2	167300022	novel	T	A	 100.0	 somatic	 high confidence
90	12	100711606	novel	T	A	 100.0	 somatic	 high confidence
91	2	74902749	novel	G	T	 100.0	 somatic	 high confidence
92	1	9082990	novel	C	A	 100.0	 somatic	 high confidence
93	4	42025372	novel	G	A	 100.0	 somatic	 high confidence
94	12	51863567	novel	C	T	 100.0	 somatic	 high confidence
95	13	86369420	novel	C	A	 100.0	 somatic	 high confidence
96	19	11135019	novel	A	T	 100.0	 somatic	 high confidence
97	15	64446589	novel	C	T	 100.0	 somatic	 high confidence
98	10	108431124	novel	C	T	 100.0	 somatic	 high confidence
99	3	133538462	novel	C	A	 100.0	 somatic	 high confidence
100	5	100191810	novel	C	T	 100.0	 somatic	 high confidence
101	3	151598788	novel	G	C	 100.0	 somatic	 high confidence
102	10	114920390	novel	C	A	 100.0	 somatic	 high confidence
103	2	216964670	novel	G	A	 100.0	 somatic	 high confidence
104	19	4298087	novel	G	A	 100.0	 somatic	 high confidence
105	6	32036877	novel	G	A	 100.0	 somatic	 high confidence
106	17	7578551	novel	A	G	 100.0	 somatic	 high confidence
107	X	54955781	novel	C	T	 100.0	 somatic	 high confidence
108	7	100065186	novel	C	T	 100.0	 somatic	 high confidence
109	2	54482114	novel	C	T	 100.0	 somatic	 high confidence
110	20	36641522	novel	C	T	 100.0	 somatic	 high confidence
111	3	23541106	novel	C	A	 100.0	 somatic	 high confidence
112	7	138943309	novel	C	T	 100.0	 somatic	 high confidence
113	2	128914868	novel	A	G	 100.0	 somatic	 high confidence
114	9	79929571	novel	C	T	 100.0	 somatic	 high confidence
115	4	177100635	novel	G	A	 100.0	 somatic	 high confidence
116	2	187373395	novel	C	G	 100.0	 somatic	 high confidence
117	22	41742078	novel	G	A	 100.0	 somatic	 high confidence
118	2	207174525	novel	C	A	 100.0	 somatic	 high confidence
119	19	44832911	novel	G	A	 100.0	 somatic	 high confidence
120	19	57027677	novel	T	C	 100.0	 somatic	 high confidence
121	15	90610934	novel	C	G	 100.0	 somatic	 high confidence
122	7	76062286	novel	G	T	 100.0	 somatic	 high confidence
123	19	56704070	novel	G	C	 100.0	 somatic	 high confidence
124	20	44506472	novel	C	A	 100.0	 somatic	 high confidence
125	20	44506752	novel	A	T	 100.0	 somatic	 high confidence
