 	#CHROM	POS	DBSNP_ID	REF	ALT	QUAL	SOMATIC_GERMLINE_CLASSIFICATION	CONFIDENCE 	 TCGA-AG-A036-01A-12W-A096-10	 hg19
0	7	87056200	novel	G	C	 100.0	 somatic	 high confidence
1	5	5318311	novel	C	T	 100.0	 somatic	 high confidence
2	2	100199293	novel	G	T	 100.0	 somatic	 high confidence
3	5	112151261	novel	C	T	 100.0	 somatic	 high confidence
4	5	112175507	novel	C	T	 100.0	 somatic	 high confidence
5	11	109294862	novel	C	T	 100.0	 somatic	 high confidence
6	1	111494793	novel	A	T	 100.0	 somatic	 high confidence
7	2	99767052	novel	C	G	 100.0	 somatic	 high confidence
8	9	138706953	novel	G	T	 100.0	 somatic	 high confidence
9	1	32669954	novel	C	T	 100.0	 somatic	 high confidence
10	12	6958266	novel	A	G	 100.0	 somatic	 high confidence
11	18	64235761	novel	C	A	 100.0	 somatic	 high confidence
12	11	125889553	novel	G	A	 100.0	 somatic	 high confidence
13	2	175711665	novel	T	A	 100.0	 somatic	 high confidence
14	X	154528113	novel	G	C	 100.0	 somatic	 high confidence
15	6	154749310	novel	G	C	 100.0	 somatic	 high confidence
16	12	94243920	novel	C	T	 100.0	 somatic	 high confidence
17	2	196877517	novel	A	T	 100.0	 somatic	 high confidence
18	17	11645560	novel	T	C	 100.0	 somatic	 high confidence
19	6	20481593	novel	T	C	 100.0	 somatic	 high confidence
20	1	22915454	novel	G	T	 100.0	 somatic	 high confidence
21	12	91363838	novel	G	C	 100.0	 somatic	 high confidence
22	11	92534751	novel	C	T	 100.0	 somatic	 high confidence
23	3	191888261	novel	G	A	 100.0	 somatic	 high confidence
24	6	97052725	novel	C	T	 100.0	 somatic	 high confidence
25	6	159688885	novel	C	G	 100.0	 somatic	 high confidence
26	7	151699964	novel	C	A	 100.0	 somatic	 high confidence
27	22	38212307	novel	G	A	 100.0	 somatic	 high confidence
28	7	42004360	novel	C	A	 100.0	 somatic	 high confidence
29	12	75874745	novel	G	A	 100.0	 somatic	 high confidence
30	11	105845161	novel	A	C	 100.0	 somatic	 high confidence
31	1	9305568	novel	C	G	 100.0	 somatic	 high confidence
32	8	80677423	novel	T	G	 100.0	 somatic	 high confidence
33	5	179045226	novel	C	T	 100.0	 somatic	 high confidence
34	12	25699468	novel	G	A	 100.0	 somatic	 high confidence
35	17	61607569	novel	G	A	 100.0	 somatic	 high confidence
36	12	419112	novel	C	T	 100.0	 somatic	 high confidence
37	18	43495483	novel	G	T	 100.0	 somatic	 high confidence
38	11	105880291	novel	G	A	 100.0	 somatic	 high confidence
39	17	39623441	novel	C	A	 100.0	 somatic	 high confidence
40	12	52797552	novel	C	T	 100.0	 somatic	 high confidence
41	2	141458027	novel	T	G	 100.0	 somatic	 high confidence
42	5	195313	novel	C	T	 100.0	 somatic	 high confidence
43	5	68728916	novel	G	A	 100.0	 somatic	 high confidence
44	7	151859627	novel	C	T	 100.0	 somatic	 high confidence
45	19	9086657	novel	T	G	 100.0	 somatic	 high confidence
46	16	46766140	novel	T	C	 100.0	 somatic	 high confidence
47	13	102047655	novel	G	C	 100.0	 somatic	 high confidence
48	3	47039977	novel	T	A	 100.0	 somatic	 high confidence
49	4	17829924	novel	A	T	 100.0	 somatic	 high confidence
50	12	54901673	novel	T	A	 100.0	 somatic	 high confidence
51	3	101578204	novel	C	T	 100.0	 somatic	 high confidence
52	1	115828849	novel	G	C	 100.0	 somatic	 high confidence
53	9	125512580	novel	A	T	 100.0	 somatic	 high confidence
54	17	56232547	novel	G	A	 100.0	 somatic	 high confidence
55	11	48267470	novel	C	T	 100.0	 somatic	 high confidence
56	11	4935953	novel	T	C	 100.0	 somatic	 high confidence
57	9	112705199	novel	A	G	 100.0	 somatic	 high confidence
58	5	140741735	novel	G	A	 100.0	 somatic	 high confidence
59	18	60562287	novel	G	C	 100.0	 somatic	 high confidence
60	20	33173278	novel	C	T	 100.0	 somatic	 high confidence
61	21	43230561	novel	C	G	 100.0	 somatic	 high confidence
62	2	153514525	novel	C	A	 100.0	 somatic	 high confidence
63	11	32874973	novel	C	T	 100.0	 somatic	 high confidence
64	12	112926270	novel	C	T	 100.0	 somatic	 high confidence
65	18	8394505	novel	G	A	 100.0	 somatic	 high confidence
66	9	123943812	novel	C	G	 100.0	 somatic	 high confidence
67	3	51697105	novel	C	T	 100.0	 somatic	 high confidence
68	12	131357439	novel	C	T	 100.0	 somatic	 high confidence
69	15	79339164	novel	G	A	 100.0	 somatic	 high confidence
70	1	211652487	novel	G	A	 100.0	 somatic	 high confidence
71	8	74233228	novel	A	G	 100.0	 somatic	 high confidence
72	2	152322629	novel	A	C	 100.0	 somatic	 high confidence
73	12	130919422	novel	C	A	 100.0	 somatic	 high confidence
74	11	6622578	novel	C	T	 100.0	 somatic	 high confidence
75	8	92998514	novel	G	A	 100.0	 somatic	 high confidence
76	1	237802317	novel	G	A	 100.0	 somatic	 high confidence
77	6	148865916	novel	G	A	 100.0	 somatic	 high confidence
78	2	201438405	novel	A	T	 100.0	 somatic	 high confidence
79	6	146262922	novel	C	T	 100.0	 somatic	 high confidence
80	16	56906353	novel	A	G	 100.0	 somatic	 high confidence
81	4	25664165	novel	G	A	 100.0	 somatic	 high confidence
82	2	220494319	novel	C	T	 100.0	 somatic	 high confidence
83	15	67479829	novel	G	C	 100.0	 somatic	 high confidence
84	20	62173557	novel	G	A	 100.0	 somatic	 high confidence
85	8	70541873	novel	C	T	 100.0	 somatic	 high confidence
86	6	152642927	novel	A	T	 100.0	 somatic	 high confidence
87	1	229730579	novel	G	C	 100.0	 somatic	 high confidence
88	9	27183556	novel	T	C	 100.0	 somatic	 high confidence
89	2	121989409	novel	C	T	 100.0	 somatic	 high confidence
90	6	169626379	novel	G	A	 100.0	 somatic	 high confidence
91	2	137814076	novel	A	C	 100.0	 somatic	 high confidence
92	13	101321036	novel	G	C	 100.0	 somatic	 high confidence
93	8	22887136	novel	T	C	 100.0	 somatic	 high confidence
94	1	175067474	novel	A	G	 100.0	 somatic	 high confidence
95	1	175365794	novel	C	A	 100.0	 somatic	 high confidence
96	17	7578509	novel	A	G	 100.0	 somatic	 high confidence
97	2	3358400	novel	C	T	 100.0	 somatic	 high confidence
98	11	88961018	novel	C	T	 100.0	 somatic	 high confidence
99	1	10132264	novel	G	A	 100.0	 somatic	 high confidence
100	15	54786896	novel	T	G	 100.0	 somatic	 high confidence
101	17	33491148	novel	C	T	 100.0	 somatic	 high confidence
102	21	17138320	novel	G	T	 100.0	 somatic	 high confidence
103	10	28900738	novel	T	C	 100.0	 somatic	 high confidence
104	7	129663442	novel	C	G	 100.0	 somatic	 high confidence
105	19	44891946	novel	T	C	 100.0	 somatic	 high confidence
106	12	54765484	novel	C	G	 100.0	 somatic	 high confidence
107	19	56935268	novel	G	A	 100.0	 somatic	 high confidence
