 	#CHROM	POS	DBSNP_ID	REF	ALT	QUAL	SOMATIC_GERMLINE_CLASSIFICATION	CONFIDENCE 	 TCGA-AA-3850-01A-01W-0995-10	 hg19
0	2	215862471	novel	A	G	 100.0	 somatic	 high confidence
1	1	179079572	novel	C	T	 100.0	 somatic	 high confidence
2	2	135621106	novel	C	T	 100.0	 somatic	 high confidence
3	19	45315576	novel	C	T	 100.0	 somatic	 high confidence
4	14	50472373	novel	G	A	 100.0	 somatic	 high confidence
5	3	128292497	novel	C	T	 100.0	 somatic	 high confidence
6	5	31552951	novel	G	A	 100.0	 somatic	 high confidence
7	1	181745288	novel	C	T	 100.0	 somatic	 high confidence
8	10	12866516	novel	C	G	 100.0	 somatic	 high confidence
9	19	48734183	novel	G	A	 100.0	 somatic	 high confidence
10	2	238280390	novel	G	A	 100.0	 somatic	 high confidence
11	10	67680312	novel	C	A	 100.0	 somatic	 high confidence
12	12	31566463	novel	A	G	 100.0	 somatic	 high confidence
13	14	101200619	novel	G	A	 100.0	 somatic	 high confidence
14	13	99520580	novel	C	T	 100.0	 somatic	 high confidence
15	10	50574324	novel	C	T	 100.0	 somatic	 high confidence
16	1	150484858	novel	C	T	 100.0	 somatic	 high confidence
17	12	132471096	novel	C	T	 100.0	 somatic	 high confidence
18	12	132498153	novel	G	A	 100.0	 somatic	 high confidence
19	2	212295680	novel	T	A	 100.0	 somatic	 high confidence
20	4	187534433	novel	C	G	 100.0	 somatic	 high confidence
21	10	5951235	novel	C	T	 100.0	 somatic	 high confidence
22	4	153247374	novel	G	T	 100.0	 somatic	 high confidence
23	10	13699383	novel	G	A	 100.0	 somatic	 high confidence
24	2	154801092	novel	T	C	 100.0	 somatic	 high confidence
25	6	26033496	novel	C	T	 100.0	 somatic	 high confidence
26	1	152192466	novel	G	A	 100.0	 somatic	 high confidence
27	6	31778966	novel	C	T	 100.0	 somatic	 high confidence
28	4	6037747	novel	G	A	 100.0	 somatic	 high confidence
29	8	140715144	novel	G	T	 100.0	 somatic	 high confidence
30	17	39138693	novel	G	A	 100.0	 somatic	 high confidence
31	4	129043237	novel	G	T	 100.0	 somatic	 high confidence
32	1	39898802	novel	G	A	 100.0	 somatic	 high confidence
33	19	45783969	novel	G	A	 100.0	 somatic	 high confidence
34	5	94275798	novel	G	T	 100.0	 somatic	 high confidence
35	12	56847476	novel	C	T	 100.0	 somatic	 high confidence
36	2	233756087	novel	C	T	 100.0	 somatic	 high confidence
37	3	173997307	novel	G	A	 100.0	 somatic	 high confidence
38	19	56539149	novel	G	A	 100.0	 somatic	 high confidence
39	1	115258747	novel	C	G	 100.0	 somatic	 high confidence
40	11	55135398	novel	C	A	 100.0	 somatic	 high confidence
41	22	50617446	novel	C	T	 100.0	 somatic	 high confidence
42	13	61986793	novel	T	C	 100.0	 somatic	 high confidence
43	X	22151684	novel	G	T	 100.0	 somatic	 high confidence
44	3	178936082	novel	G	A	 100.0	 somatic	 high confidence
45	20	8608984	novel	G	A	 100.0	 somatic	 high confidence
46	15	65153716	novel	G	A	 100.0	 somatic	 high confidence
47	2	173659772	novel	G	T	 100.0	 somatic	 high confidence
48	16	7726807	novel	C	T	 100.0	 somatic	 high confidence
49	2	152107472	novel	G	A	 100.0	 somatic	 high confidence
50	6	72678745	novel	A	C	 100.0	 somatic	 high confidence
51	11	124764172	novel	A	C	 100.0	 somatic	 high confidence
52	15	34014966	novel	C	T	 100.0	 somatic	 high confidence
53	5	9063103	novel	C	T	 100.0	 somatic	 high confidence
54	7	95813649	novel	T	C	 100.0	 somatic	 high confidence
55	1	173551070	novel	G	T	 100.0	 somatic	 high confidence
56	13	84454666	novel	G	A	 100.0	 somatic	 high confidence
57	6	107827590	novel	T	C	 100.0	 somatic	 high confidence
58	11	55655610	novel	G	A	 100.0	 somatic	 high confidence
59	16	30748503	novel	G	A	 100.0	 somatic	 high confidence
60	10	123970823	novel	G	A	 100.0	 somatic	 high confidence
61	6	32821061	novel	G	C	 100.0	 somatic	 high confidence
62	1	24082841	novel	G	A	 100.0	 somatic	 high confidence
63	1	201379499	novel	C	T	 100.0	 somatic	 high confidence
64	6	32015637	novel	G	A	 100.0	 somatic	 high confidence
65	5	14369577	novel	A	C	 100.0	 somatic	 high confidence
66	2	179398792	novel	C	T	 100.0	 somatic	 high confidence
67	17	465783	novel	G	A	 100.0	 somatic	 high confidence
68	1	118501607	novel	C	T	 100.0	 somatic	 high confidence
69	5	167812356	novel	G	T	 100.0	 somatic	 high confidence
70	1	52947207	novel	T	G	 100.0	 somatic	 high confidence
71	15	42709536	novel	C	T	 100.0	 somatic	 high confidence
72	19	53741591	novel	T	G	 100.0	 somatic	 high confidence
